0.00894087	348	0	0
0.0276947	349	0	0
0.0290658	350	0	0
0.0305196	351	0	0
0.0701602	352	0	0
0.0702592	351	0	0
0.0879994	350	0	0
0.100544	349	0	0
0.118851	350	0	0
0.120415	349	0	0
0.123286	348	0	0
0.135697	347	0	0
0.143687	346	0	0
0.157359	347	0	0
0.175121	348	0	0
0.186024	349	0	0
0.21308	350	0	0
0.219574	351	0	0
0.230245	352	0	0
0.266671	353	0	0
0.276286	354	0	0
0.304604	355	0	0
0.310553	356	0	0
0.313297	357	0	0
0.327244	358	0	0
0.341737	359	0	0
0.364342	360	0	0
0.36477	361	0	0
0.382208	362	0	0
0.408569	361	0	0
0.412748	362	0	0
0.413131	363	0	0
0.429127	362	0	0
0.445293	363	0	0
0.448689	362	0	0
0.455877	363	0	0
0.462888	364	0	0
0.464387	365	0	0
0.471702	366	0	0
0.478129	365	0	0
0.479286	366	0	0
0.480834	367	0	0
0.484777	368	0	0
0.484922	369	0	0
0.497	368	0	0
0.505273	369	0	0
0.51967	370	0	0
0.523893	371	0	0
0.536045	372	0	0
0.553724	371	0	0
0.56133	372	0	0
0.568323	371	0	0
0.571016	372	0	0
0.579003	373	0	0
0.588962	372	0	0
0.60493	373	0	0
0.61363	372	0	0
0.619534	371	0	0
0.629785	370	0	0
0.642576	371	0	0
0.648911	372	0	0
0.654879	373	0	0
0.659467	372	0	0
0.672836	371	0	0
0.675648	372	0	0
0.687272	373	0	0
0.719113	372	0	0
0.719219	373	0	0
0.725586	374	0	0
0.729846	373	0	0
0.733742	372	0	0
0.737969	371	0	0
0.76479	372	0	0
0.787294	373	0	0
0.818549	374	0	0
0.835836	375	0	0
0.849333	376	0	0
0.850469	375	0	0
0.851491	376	0	0
0.853388	377	0	0
0.854008	376	0	0
0.880068	375	0	0
0.889067	376	0	0
0.898789	377	0	0
0.899372	378	0	0
0.912702	379	0	0
0.914835	380	0	0
0.92404	381	0	0
0.926835	380	0	0
0.928256	379	0	0
0.940668	380	0	0
0.945881	379	0	0
0.958568	380	0	0
0.96663	381	0	0
0.970744	380	0	0
0.985537	381	0	0
0.992629	380	0	0
1.00123	381	0	0
1.00894	325	0	0
1.02769	326	0	0
1.02907	327	0	0
1.03052	328	0	0
1.07016	329	0	0
1.07026	328	0	0
1.088	327	0	0
1.10054	326	0	0
1.11885	327	0	0
1.12041	326	0	0
1.12329	325	0	0
1.1357	324	0	0
1.14369	323	0	0
1.15736	324	0	0
1.17512	325	0	0
1.18602	326	0	0
1.21308	327	0	0
1.21957	328	0	0
1.23024	329	0	0
1.26667	330	0	0
1.27629	331	0	0
1.3046	332	0	0
1.31055	333	0	0
1.3133	334	0	0
1.32724	335	0	0
1.34174	336	0	0
1.36434	337	0	0
1.36477	338	0	0
1.38221	339	0	0
1.40857	338	0	0
1.41275	339	0	0
1.41313	340	0	0
1.42913	341	0	0
1.44529	342	0	0
1.44869	341	0	0
1.45588	342	0	0
1.46289	343	0	0
1.46439	344	0	0
1.4717	345	0	0
1.47813	344	0	0
1.47929	345	0	0
1.48083	346	0	0
1.48478	347	0	0
1.48492	348	0	0
1.497	347	0	0
1.50527	348	0	0
1.51967	349	0	0
1.52389	350	0	0
1.53605	351	0	0
1.55372	350	0	0
1.56133	351	0	0
1.56832	350	0	0
1.57102	351	0	0
1.579	352	0	0
1.58896	351	0	0
1.60493	352	0	0
1.61363	351	0	0
1.61953	350	0	0
1.62978	349	0	0
1.64258	350	0	0
1.64891	351	0	0
1.65488	352	0	0
1.65947	351	0	0
1.67284	350	0	0
1.67565	351	0	0
1.68727	352	0	0
1.71911	351	0	0
1.71922	352	0	0
1.72559	353	0	0
1.72985	352	0	0
1.73374	351	0	0
1.73797	350	0	0
1.76479	351	0	0
1.78729	352	0	0
1.81855	353	0	0
1.83584	354	0	0
1.84933	355	0	0
1.85047	354	0	0
1.85149	355	0	0
1.85339	356	0	0
1.85401	355	0	0
1.88007	354	0	0
1.88907	355	0	0
1.89879	356	0	0
1.89937	357	0	0
1.9127	358	0	0
1.91483	359	0	0
1.92404	360	0	0
1.92684	359	0	0
1.92826	358	0	0
1.94067	359	0	0
1.94588	358	0	0
1.95857	359	0	0
1.96663	360	0	0
1.97074	359	0	0
1.98554	360	0	0
1.99263	359	0	0
2.00123	360	0	0
2.00894	305	0	0
2.02769	306	0	0
2.02907	307	0	0
2.03052	308	0	0
2.07016	309	0	0
2.07026	308	0	0
2.088	307	0	0
2.10054	306	0	0
2.11885	307	0	0
2.12041	306	0	0
2.12329	305	0	0
2.1357	304	0	0
2.14369	305	0	0
2.15736	306	0	0
2.17512	307	0	0
2.18602	308	0	0
2.21308	309	0	0
2.21957	310	0	0
2.23024	311	0	0
2.26667	312	0	0
2.27629	313	0	0
2.3046	314	0	0
2.31055	315	0	0
2.3133	316	0	0
2.32724	317	0	0
2.34174	318	0	0
2.36434	319	0	0
2.36477	320	0	0
2.38221	321	0	0
2.40857	320	0	0
2.41275	321	0	0
2.41313	322	0	0
2.42913	323	0	0
2.44529	324	0	0
2.44869	323	0	0
2.45588	324	0	0
2.46289	325	0	0
2.46439	326	0	0
2.4717	327	0	0
2.47813	328	0	0
2.47929	329	0	0
2.48083	330	0	0
2.48478	331	0	0
2.48492	332	0	0
2.497	331	0	0
2.50527	332	0	0
2.51967	333	0	0
2.52389	334	0	0
2.53605	335	0	0
2.55372	334	0	0
2.56133	335	0	0
2.56832	334	0	0
2.57102	335	0	0
2.579	336	0	0
2.58896	335	0	0
2.60493	336	0	0
2.61363	335	0	0
2.61953	334	0	0
2.62978	333	0	0
2.64258	334	0	0
2.64891	335	0	0
2.65488	336	0	0
2.65947	335	0	0
2.67284	334	0	0
2.67565	335	0	0
2.68727	336	0	0
2.71911	335	0	0
2.71922	336	0	0
2.72559	337	0	0
2.72985	336	0	0
2.73374	335	0	0
2.73797	334	0	0
2.76479	335	0	0
2.78729	336	0	0
2.81855	337	0	0
2.83584	338	0	0
2.84933	339	0	0
2.85047	338	0	0
2.85149	339	0	0
2.85339	340	0	0
2.85401	339	0	0
2.88007	338	0	0
2.88907	339	0	0
2.89879	340	0	0
2.89937	341	0	0
2.9127	342	0	0
2.91483	343	0	0
2.92404	344	0	0
2.92684	343	0	0
2.92826	342	0	0
2.94067	343	0	0
2.94588	342	0	0
2.95857	343	0	0
2.96663	344	0	0
2.97074	343	0	0
2.98554	344	0	0
2.99263	343	0	0
3.00123	344	0	0
3.00894	297	0	0
3.02769	298	0	0
3.02907	299	0	0
3.03052	300	0	0
3.07016	301	0	0
3.07026	300	0	0
3.088	299	0	0
3.10054	298	0	0
3.11885	299	0	0
3.12041	298	0	0
3.12329	297	0	0
3.1357	296	0	0
3.14369	297	0	0
3.15736	298	0	0
3.17512	299	0	0
3.18602	300	0	0
3.21308	301	0	0
3.21957	302	0	0
3.23024	303	0	0
3.26667	304	0	0
3.27629	305	0	0
3.3046	306	0	0
3.31055	307	0	0
3.3133	308	0	0
3.32724	309	0	0
3.34174	310	0	0
3.36434	311	0	0
3.36477	312	0	0
3.38221	313	0	0
3.40857	312	0	0
3.41275	313	0	0
3.41313	314	0	0
3.42913	315	0	0
3.44529	316	0	0
3.44869	315	0	0
3.45588	316	0	0
3.46289	317	0	0
3.46439	318	0	0
3.4717	319	0	0
3.47813	320	0	0
3.47929	321	0	0
3.48083	322	0	0
3.48478	323	0	0
3.48492	324	0	0
3.497	323	0	0
3.50527	324	0	0
3.51967	325	0	0
3.52389	326	0	0
3.53605	327	0	0
3.55372	326	0	0
3.56133	327	0	0
3.56832	326	0	0
3.57102	327	0	0
3.579	328	0	0
3.58896	327	0	0
3.60493	328	0	0
3.61363	327	0	0
3.61953	326	0	0
3.62978	325	0	0
3.64258	326	0	0
3.64891	327	0	0
3.65488	328	0	0
3.65947	327	0	0
3.67284	326	0	0
3.67565	327	0	0
3.68727	328	0	0
3.71911	327	0	0
3.71922	328	0	0
3.72559	329	0	0
3.72985	328	0	0
3.73374	327	0	0
3.73797	326	0	0
3.76479	327	0	0
3.78729	328	0	0
3.81855	329	0	0
3.83584	330	0	0
3.84933	331	0	0
3.85047	330	0	0
3.85149	331	0	0
3.85339	332	0	0
3.85401	331	0	0
3.88007	330	0	0
3.88907	331	0	0
3.89879	332	0	0
3.89937	333	0	0
3.9127	334	0	0
3.91483	335	0	0
3.92404	336	0	0
3.92684	335	0	0
3.92826	334	0	0
3.94067	335	0	0
3.94588	334	0	0
3.95857	335	0	0
3.96663	336	0	0
3.97074	335	0	0
3.98554	336	0	0
3.99263	335	0	0
4.00123	336	0	0
4.00894	314	0	0
4.02769	315	0	0
4.02907	316	0	0
4.03052	317	0	0
4.07016	318	0	0
4.07026	317	0	0
4.088	316	0	0
4.10054	315	0	0
4.11885	316	0	0
4.12041	315	0	0
4.12329	314	0	0
4.1357	313	0	0
4.14369	312	0	0
4.15736	313	0	0
4.17512	314	0	0
4.18602	315	0	0
4.21308	316	0	0
4.21957	317	0	0
4.23024	318	0	0
4.26667	319	0	0
4.27629	320	0	0
4.3046	321	0	0
4.31055	322	0	0
4.3133	323	0	0
4.32724	324	0	0
4.34174	325	0	0
4.36434	326	0	0
4.36477	327	0	0
4.38221	328	0	0
4.40857	327	0	0
4.41275	328	0	0
4.41313	329	0	0
4.42913	330	0	0
4.44529	331	0	0
4.44869	330	0	0
4.45588	331	0	0
4.46289	332	0	0
4.46439	333	0	0
4.4717	334	0	0
4.47813	335	0	0
4.47929	336	0	0
4.48083	337	0	0
4.48478	338	0	0
4.48492	339	0	0
4.497	338	0	0
4.50527	339	0	0
4.51967	340	0	0
4.52389	341	0	0
4.53605	342	0	0
4.55372	341	0	0
4.56133	342	0	0
4.56832	341	0	0
4.57102	342	0	0
4.579	343	0	0
4.58896	342	0	0
4.60493	343	0	0
4.61363	342	0	0
4.61953	341	0	0
4.62978	340	0	0
4.64258	341	0	0
4.64891	342	0	0
4.65488	343	0	0
4.65947	342	0	0
4.67284	341	0	0
4.67565	342	0	0
4.68727	343	0	0
4.71911	342	0	0
4.71922	343	0	0
4.72559	344	0	0
4.72985	343	0	0
4.73374	342	0	0
4.73797	341	0	0
4.76479	342	0	0
4.78729	343	0	0
4.81855	344	0	0
4.83584	345	0	0
4.84933	346	0	0
4.85047	345	0	0
4.85149	346	0	0
4.85339	347	0	0
4.85401	346	0	0
4.88007	345	0	0
4.88907	346	0	0
4.89879	347	0	0
4.89937	348	0	0
4.9127	349	0	0
4.91483	350	0	0
4.92404	351	0	0
4.92684	350	0	0
4.92826	349	0	0
4.94067	350	0	0
4.94588	349	0	0
4.95857	350	0	0
4.96663	351	0	0
4.97074	350	0	0
4.98554	351	0	0
4.99263	350	0	0
5.00123	351	0	0
5.00894	309	0	0
5.02769	310	0	0
5.02907	311	0	0
5.03052	312	0	0
5.07016	313	0	0
5.07026	312	0	0
5.088	311	0	0
5.10054	310	0	0
5.11885	311	0	0
5.12041	310	0	0
5.12329	309	0	0
5.1357	308	0	0
5.14369	309	0	0
5.15736	310	0	0
5.17512	311	0	0
5.18602	312	0	0
5.21308	313	0	0
5.21957	314	0	0
5.23024	315	0	0
5.26667	316	0	0
5.27629	317	0	0
5.3046	318	0	0
5.31055	319	0	0
5.3133	320	0	0
5.32724	321	0	0
5.34174	322	0	0
5.36434	323	0	0
5.36477	324	0	0
5.38221	325	0	0
5.40857	324	0	0
5.41275	325	0	0
5.41313	326	0	0
5.42913	327	0	0
5.44529	328	0	0
5.44869	327	0	0
5.45588	328	0	0
5.46289	329	0	0
5.46439	330	0	0
5.4717	331	0	0
5.47813	332	0	0
5.47929	333	0	0
5.48083	334	0	0
5.48478	335	0	0
5.48492	336	0	0
5.497	335	0	0
5.50527	336	0	0
5.51967	337	0	0
5.52389	338	0	0
5.53605	339	0	0
5.55372	338	0	0
5.56133	339	0	0
5.56832	338	0	0
5.57102	339	0	0
5.579	340	0	0
5.58896	339	0	0
5.60493	340	0	0
5.61363	339	0	0
5.61953	338	0	0
5.62978	337	0	0
5.64258	338	0	0
5.64891	339	0	0
5.65488	340	0	0
5.65947	339	0	0
5.67284	338	0	0
5.67565	339	0	0
5.68727	340	0	0
5.71911	339	0	0
5.71922	340	0	0
5.72559	341	0	0
5.72985	340	0	0
5.73374	339	0	0
5.73797	338	0	0
5.76479	339	0	0
5.78729	340	0	0
5.81855	341	0	0
5.83584	342	0	0
5.84933	343	0	0
5.85047	342	0	0
5.85149	343	0	0
5.85339	344	0	0
5.85401	343	0	0
5.88007	342	0	0
5.88907	343	0	0
5.89879	344	0	0
5.89937	345	0	0
5.9127	346	0	0
5.91483	347	0	0
5.92404	348	0	0
5.92684	347	0	0
5.92826	346	0	0
5.94067	347	0	0
5.94588	346	0	0
5.95857	347	0	0
5.96663	348	0	0
5.97074	347	0	0
5.98554	348	0	0
5.99263	347	0	0
6.00123	348	0	0
6.00894	317	0	0
6.02769	318	0	0
6.02907	319	0	0
6.03052	320	0	0
6.07016	321	0	0
6.07026	320	0	0
6.088	319	0	0
6.10054	318	0	0
6.11885	319	0	0
6.12041	318	0	0
6.12329	317	0	0
6.1357	316	0	0
6.14369	315	0	0
6.15736	316	0	0
6.17512	317	0	0
6.18602	318	0	0
6.21308	319	0	0
6.21957	320	0	0
6.23024	321	0	0
6.26667	322	0	0
6.27629	323	0	0
6.3046	324	0	0
6.31055	325	0	0
6.3133	326	0	0
6.32724	327	0	0
6.34174	328	0	0
6.36434	329	0	0
6.36477	330	0	0
6.38221	331	0	0
6.40857	330	0	0
6.41275	331	0	0
6.41313	332	0	0
6.42913	333	0	0
6.44529	334	0	0
6.44869	333	0	0
6.45588	334	0	0
6.46289	335	0	0
6.46439	336	0	0
6.4717	337	0	0
6.47813	338	0	0
6.47929	339	0	0
6.48083	340	0	0
6.48478	341	0	0
6.48492	342	0	0
6.497	341	0	0
6.50527	342	0	0
6.51967	343	0	0
6.52389	344	0	0
6.53605	345	0	0
6.55372	344	0	0
6.56133	345	0	0
6.56832	344	0	0
6.57102	345	0	0
6.579	346	0	0
6.58896	345	0	0
6.60493	346	0	0
6.61363	345	0	0
6.61953	344	0	0
6.62978	343	0	0
6.64258	344	0	0
6.64891	345	0	0
6.65488	346	0	0
6.65947	345	0	0
6.67284	344	0	0
6.67565	345	0	0
6.68727	346	0	0
6.71911	345	0	0
6.71922	346	0	0
6.72559	347	0	0
6.72985	346	0	0
6.73374	345	0	0
6.73797	344	0	0
6.76479	345	0	0
6.78729	346	0	0
6.81855	347	0	0
6.83584	348	0	0
6.84933	349	0	0
6.85047	348	0	0
6.85149	349	0	0
6.85339	350	0	0
6.85401	349	0	0
6.88007	348	0	0
6.88907	349	0	0
6.89879	350	0	0
6.89937	351	0	0
6.9127	352	0	0
6.91483	353	0	0
6.92404	354	0	0
6.92684	353	0	0
6.92826	352	0	0
6.94067	353	0	0
6.94588	352	0	0
6.95857	353	0	0
6.96663	354	0	0
6.97074	353	0	0
6.98554	354	0	0
6.99263	353	0	0
7.00123	354	0	0
7.00894	312	0	0
7.02769	313	0	0
7.02907	314	0	0
7.03052	315	0	0
7.07016	316	0	0
7.07026	315	0	0
7.088	314	0	0
7.10054	313	0	0
7.11885	314	0	0
7.12041	313	0	0
7.12329	312	0	0
7.1357	311	0	0
7.14369	310	0	0
7.15736	311	0	0
7.17512	312	0	0
7.18602	313	0	0
7.21308	314	0	0
7.21957	315	0	0
7.23024	316	0	0
7.26667	317	0	0
7.27629	318	0	0
7.3046	319	0	0
7.31055	320	0	0
7.3133	321	0	0
7.32724	322	0	0
7.34174	323	0	0
7.36434	324	0	0
7.36477	325	0	0
7.38221	326	0	0
7.40857	325	0	0
7.41275	326	0	0
7.41313	327	0	0
7.42913	328	0	0
7.44529	329	0	0
7.44869	328	0	0
7.45588	329	0	0
7.46289	330	0	0
7.46439	331	0	0
7.4717	332	0	0
7.47813	333	0	0
7.47929	334	0	0
7.48083	335	0	0
7.48478	336	0	0
7.48492	337	0	0
7.497	336	0	0
7.50527	337	0	0
7.51967	338	0	0
7.52389	339	0	0
7.53605	340	0	0
7.55372	339	0	0
7.56133	340	0	0
7.56832	339	0	0
7.57102	340	0	0
7.579	341	0	0
7.58896	340	0	0
7.60493	341	0	0
7.61363	340	0	0
7.61953	339	0	0
7.62978	338	0	0
7.64258	339	0	0
7.64891	340	0	0
7.65488	341	0	0
7.65947	340	0	0
7.67284	339	0	0
7.67565	340	0	0
7.68727	341	0	0
7.71911	340	0	0
7.71922	341	0	0
7.72559	342	0	0
7.72985	341	0	0
7.73374	340	0	0
7.73797	339	0	0
7.76479	340	0	0
7.78729	341	0	0
7.81855	342	0	0
7.83584	343	0	0
7.84933	344	0	0
7.85047	343	0	0
7.85149	344	0	0
7.85339	345	0	0
7.85401	344	0	0
7.88007	343	0	0
7.88907	344	0	0
7.89879	345	0	0
7.89937	346	0	0
7.9127	347	0	0
7.91483	348	0	0
7.92404	349	0	0
7.92684	348	0	0
7.92826	347	0	0
7.94067	348	0	0
7.94588	347	0	0
7.95857	348	0	0
7.96663	349	0	0
7.97074	348	0	0
7.98554	349	0	0
7.99263	348	0	0
8.00123	349	0	0
8.00894	306	0	0
8.02769	307	0	0
8.02907	308	0	0
8.03052	309	0	0
8.07016	310	0	0
8.07026	309	0	0
8.088	308	0	0
8.10054	307	0	0
8.11885	308	0	0
8.12041	307	0	0
8.12329	306	0	0
8.1357	305	0	0
8.14369	306	0	0
8.15736	307	0	0
8.17512	308	0	0
8.18602	309	0	0
8.21308	310	0	0
8.21957	311	0	0
8.23024	312	0	0
8.26667	313	0	0
8.27629	314	0	0
8.3046	315	0	0
8.31055	316	0	0
8.3133	317	0	0
8.32724	318	0	0
8.34174	319	0	0
8.36434	320	0	0
8.36477	321	0	0
8.38221	322	0	0
8.40857	321	0	0
8.41275	322	0	0
8.41313	323	0	0
8.42913	324	0	0
8.44529	325	0	0
8.44869	324	0	0
8.45588	325	0	0
8.46289	326	0	0
8.46439	327	0	0
8.4717	328	0	0
8.47813	329	0	0
8.47929	330	0	0
8.48083	331	0	0
8.48478	332	0	0
8.48492	333	0	0
8.497	332	0	0
8.50527	333	0	0
8.51967	334	0	0
8.52389	335	0	0
8.53605	336	0	0
8.55372	335	0	0
8.56133	336	0	0
8.56832	335	0	0
8.57102	336	0	0
8.579	337	0	0
8.58896	336	0	0
8.60493	337	0	0
8.61363	336	0	0
8.61953	335	0	0
8.62978	334	0	0
8.64258	335	0	0
8.64891	336	0	0
8.65488	337	0	0
8.65947	336	0	0
8.67284	335	0	0
8.67565	336	0	0
8.68727	337	0	0
8.71911	336	0	0
8.71922	337	0	0
8.72559	338	0	0
8.72985	337	0	0
8.73374	336	0	0
8.73797	335	0	0
8.76479	336	0	0
8.78729	337	0	0
8.81855	338	0	0
8.83584	339	0	0
8.84933	340	0	0
8.85047	339	0	0
8.85149	340	0	0
8.85339	341	0	0
8.85401	340	0	0
8.88007	339	0	0
8.88907	340	0	0
8.89879	341	0	0
8.89937	342	0	0
8.9127	343	0	0
8.91483	344	0	0
8.92404	345	0	0
8.92684	344	0	0
8.92826	343	0	0
8.94067	344	0	0
8.94588	343	0	0
8.95857	344	0	0
8.96663	345	0	0
8.97074	344	0	0
8.98554	345	0	0
8.99263	344	0	0
9.00123	345	0	0
9.00894	321	0	0
9.02769	322	0	0
9.02907	323	0	0
9.03052	324	0	0
9.07016	325	0	0
9.07026	324	0	0
9.088	323	0	0
9.10054	322	0	0
9.11885	323	0	0
9.12041	322	0	0
9.12329	321	0	0
9.1357	320	0	0
9.14369	319	0	0
9.15736	320	0	0
9.17512	321	0	0
9.18602	322	0	0
9.21308	323	0	0
9.21957	324	0	0
9.23024	325	0	0
9.26667	326	0	0
9.27629	327	0	0
9.3046	328	0	0
9.31055	329	0	0
9.3133	330	0	0
9.32724	331	0	0
9.34174	332	0	0
9.36434	333	0	0
9.36477	334	0	0
9.38221	335	0	0
9.40857	334	0	0
9.41275	335	0	0
9.41313	336	0	0
9.42913	337	0	0
9.44529	338	0	0
9.44869	337	0	0
9.45588	338	0	0
9.46289	339	0	0
9.46439	340	0	0
9.4717	341	0	0
9.47813	342	0	0
9.47929	343	0	0
9.48083	344	0	0
9.48478	345	0	0
9.48492	346	0	0
9.497	345	0	0
9.50527	346	0	0
9.51967	347	0	0
9.52389	348	0	0
9.53605	349	0	0
9.55372	348	0	0
9.56133	349	0	0
9.56832	348	0	0
9.57102	349	0	0
9.579	350	0	0
9.58896	349	0	0
9.60493	350	0	0
9.61363	349	0	0
9.61953	348	0	0
9.62978	347	0	0
9.64258	348	0	0
9.64891	349	0	0
9.65488	350	0	0
9.65947	349	0	0
9.67284	348	0	0
9.67565	349	0	0
9.68727	350	0	0
9.71911	349	0	0
9.71922	350	0	0
9.72559	351	0	0
9.72985	350	0	0
9.73374	349	0	0
9.73797	348	0	0
9.76479	349	0	0
9.78729	350	0	0
9.81855	351	0	0
9.83584	352	0	0
9.84933	353	0	0
9.85047	352	0	0
9.85149	353	0	0
9.85339	354	0	0
9.85401	353	0	0
9.88007	352	0	0
9.88907	353	0	0
9.89879	354	0	0
9.89937	355	0	0
9.9127	356	0	0
9.91483	357	0	0
9.92404	358	0	0
9.92684	357	0	0
9.92826	356	0	0
9.94067	357	0	0
9.94588	356	0	0
9.95857	357	0	0
9.96663	358	0	0
9.97074	357	0	0
9.98554	358	0	0
9.99263	357	0	0
10.0012	358	0	0
10.0089	339	0	0
10.0277	340	0	0
10.0291	341	0	0
10.0305	342	0	0
10.0702	343	0	0
10.0703	342	0	0
10.088	341	0	0
10.1005	340	0	0
10.1189	341	0	0
10.1204	340	0	0
10.1233	339	0	0
10.1357	338	0	0
10.1437	337	0	0
10.1574	338	0	0
10.1751	339	0	0
10.186	340	0	0
10.2131	341	0	0
10.2196	342	0	0
10.2302	343	0	0
10.2667	344	0	0
10.2763	345	0	0
10.3046	346	0	0
10.3106	347	0	0
10.3133	348	0	0
10.3272	349	0	0
10.3417	350	0	0
10.3643	351	0	0
10.3648	352	0	0
10.3822	353	0	0
10.4086	352	0	0
10.4127	353	0	0
10.4131	354	0	0
10.4291	355	0	0
10.4453	356	0	0
10.4487	355	0	0
10.4559	356	0	0
10.4629	357	0	0
10.4644	358	0	0
10.4717	359	0	0
10.4781	358	0	0
10.4793	359	0	0
10.4808	360	0	0
10.4848	361	0	0
10.4849	362	0	0
10.497	361	0	0
10.5053	362	0	0
10.5197	363	0	0
10.5239	364	0	0
10.536	365	0	0
10.5537	364	0	0
10.5613	365	0	0
10.5683	364	0	0
10.571	365	0	0
10.579	366	0	0
10.589	365	0	0
10.6049	366	0	0
10.6136	365	0	0
10.6195	364	0	0
10.6298	363	0	0
10.6426	364	0	0
10.6489	365	0	0
10.6549	366	0	0
10.6595	365	0	0
10.6728	364	0	0
10.6756	365	0	0
10.6873	366	0	0
10.7191	365	0	0
10.7192	366	0	0
10.7256	367	0	0
10.7298	366	0	0
10.7337	365	0	0
10.738	364	0	0
10.7648	365	0	0
10.7873	366	0	0
10.8185	367	0	0
10.8358	368	0	0
10.8493	369	0	0
10.8505	368	0	0
10.8515	369	0	0
10.8534	370	0	0
10.854	369	0	0
10.8801	368	0	0
10.8891	369	0	0
10.8988	370	0	0
10.8994	371	0	0
10.9127	372	0	0
10.9148	373	0	0
10.924	374	0	0
10.9268	373	0	0
10.9283	372	0	0
10.9407	373	0	0
10.9459	372	0	0
10.9586	373	0	0
10.9666	374	0	0
10.9707	373	0	0
10.9855	374	0	0
10.9926	373	0	0
11.0012	374	0	0
11.0089	377	0	0
11.0277	378	0	0
11.0291	379	0	0
11.0305	380	0	0
11.0702	381	0	0
11.0703	380	0	0
11.088	379	0	0
11.1005	378	0	0
11.1189	379	0	0
11.1204	378	0	0
11.1233	377	0	0
11.1357	376	0	0
11.1437	375	0	0
11.1574	376	0	0
11.1751	377	0	0
11.186	378	0	0
11.2131	379	0	0
11.2196	380	0	0
11.2302	381	0	0
11.2667	382	0	0
11.2763	383	0	0
11.3046	384	0	0
11.3106	385	0	0
11.3133	384	0	0
11.3272	383	0	0
11.3417	384	0	0
11.3643	385	0	0
11.3648	386	0	0
11.3822	387	0	0
11.4086	386	0	0
11.4127	387	0	0
11.4131	388	0	0
11.4291	387	0	0
11.4453	388	0	0
11.4487	387	0	0
11.4559	388	0	0
11.4629	389	0	0
11.4644	390	0	0
11.4717	391	0	0
11.4781	390	0	0
11.4793	391	0	0
11.4808	392	0	0
11.4848	393	0	0
11.4849	394	0	0
11.497	393	0	0
11.5053	394	0	0
11.5197	395	0	0
11.5239	396	0	0
11.536	397	0	0
11.5537	396	0	0
11.5613	397	0	0
11.5683	396	0	0
11.571	397	0	0
11.579	398	0	0
11.589	397	0	0
11.6049	398	0	0
11.6136	397	0	0
11.6195	396	0	0
11.6298	395	0	0
11.6426	396	0	0
11.6489	397	0	0
11.6549	398	0	0
11.6595	397	0	0
11.6728	396	0	0
11.6756	397	0	0
11.6873	398	0	0
11.7191	397	0	0
11.7192	398	0	0
11.7256	399	0	0
11.7298	398	0	0
11.7337	397	0	0
11.738	396	0	0
11.7648	397	0	0
11.7873	398	0	0
11.8185	399	0	0
11.8358	400	0	0
11.8493	401	0	0
11.8505	400	0	0
11.8515	401	0	0
11.8534	402	0	0
11.854	401	0	0
11.8801	400	0	0
11.8891	401	0	0
11.8988	402	0	0
11.8994	403	0	0
11.9127	404	0	0
11.9148	403	0	0
11.924	404	0	0
11.9268	403	0	0
11.9283	402	0	0
11.9407	403	0	0
11.9459	402	0	0
11.9586	403	0	0
11.9666	404	0	0
11.9707	403	0	0
11.9855	404	0	0
11.9926	403	0	0
12.0012	404	0	0
12.0089	377	0	0
12.0277	378	0	0
12.0291	379	0	0
12.0305	380	0	0
12.0702	381	0	0
12.0703	380	0	0
12.088	379	0	0
12.1005	378	0	0
12.1189	379	0	0
12.1204	378	0	0
12.1233	377	0	0
12.1357	376	0	0
12.1437	375	0	0
12.1574	376	0	0
12.1751	377	0	0
12.186	378	0	0
12.2131	379	0	0
12.2196	380	0	0
12.2302	381	0	0
12.2667	382	0	0
12.2763	383	0	0
12.3046	384	0	0
12.3106	385	0	0
12.3133	384	0	0
12.3272	383	0	0
12.3417	384	0	0
12.3643	385	0	0
12.3648	386	0	0
12.3822	387	0	0
12.4086	386	0	0
12.4127	387	0	0
12.4131	388	0	0
12.4291	387	0	0
12.4453	388	0	0
12.4487	387	0	0
12.4559	388	0	0
12.4629	389	0	0
12.4644	390	0	0
12.4717	391	0	0
12.4781	390	0	0
12.4793	391	0	0
12.4808	392	0	0
12.4848	393	0	0
12.4849	394	0	0
12.497	393	0	0
12.5053	394	0	0
12.5197	395	0	0
12.5239	396	0	0
12.536	397	0	0
12.5537	396	0	0
12.5613	397	0	0
12.5683	396	0	0
12.571	397	0	0
12.579	398	0	0
12.589	397	0	0
12.6049	398	0	0
12.6136	397	0	0
12.6195	396	0	0
12.6298	395	0	0
12.6426	396	0	0
12.6489	397	0	0
12.6549	398	0	0
12.6595	397	0	0
12.6728	396	0	0
12.6756	397	0	0
12.6873	398	0	0
12.7191	397	0	0
12.7192	398	0	0
12.7256	399	0	0
12.7298	398	0	0
12.7337	397	0	0
12.738	396	0	0
12.7648	397	0	0
12.7873	398	0	0
12.8185	399	0	0
12.8358	400	0	0
12.8493	401	0	0
12.8505	400	0	0
12.8515	401	0	0
12.8534	402	0	0
12.854	401	0	0
12.8801	400	0	0
12.8891	401	0	0
12.8988	402	0	0
12.8994	403	0	0
12.9127	404	0	0
12.9148	403	0	0
12.924	404	0	0
12.9268	403	0	0
12.9283	402	0	0
12.9407	403	0	0
12.9459	402	0	0
12.9586	403	0	0
12.9666	404	0	0
12.9707	403	0	0
12.9855	404	0	0
12.9926	403	0	0
13.0012	404	0	0
13.0089	419	0	0
13.0277	420	0	0
13.0291	421	0	0
13.0305	420	0	0
13.0702	421	0	0
13.0703	420	0	0
13.088	419	0	0
13.1005	418	0	0
13.1189	419	0	0
13.1204	418	0	0
13.1233	417	0	0
13.1357	416	0	0
13.1437	415	0	0
13.1574	416	0	0
13.1751	417	0	0
13.186	418	0	0
13.2131	419	0	0
13.2196	420	0	0
13.2302	421	0	0
13.2667	422	0	0
13.2763	421	0	0
13.3046	422	0	0
13.3106	423	0	0
13.3133	422	0	0
13.3272	421	0	0
13.3417	420	0	0
13.3643	421	0	0
13.3648	422	0	0
13.3822	423	0	0
13.4086	422	0	0
13.4127	423	0	0
13.4131	424	0	0
13.4291	423	0	0
13.4453	424	0	0
13.4487	423	0	0
13.4559	424	0	0
13.4629	425	0	0
13.4644	426	0	0
13.4717	427	0	0
13.4781	426	0	0
13.4793	427	0	0
13.4808	428	0	0
13.4848	427	0	0
13.4849	428	0	0
13.497	427	0	0
13.5053	428	0	0
13.5197	429	0	0
13.5239	430	0	0
13.536	431	0	0
13.5537	430	0	0
13.5613	431	0	0
13.5683	430	0	0
13.571	431	0	0
13.579	432	0	0
13.589	431	0	0
13.6049	430	0	0
13.6136	429	0	0
13.6195	428	0	0
13.6298	427	0	0
13.6426	428	0	0
13.6489	429	0	0
13.6549	430	0	0
13.6595	429	0	0
13.6728	428	0	0
13.6756	429	0	0
13.6873	430	0	0
13.7191	429	0	0
13.7192	430	0	0
13.7256	431	0	0
13.7298	430	0	0
13.7337	429	0	0
13.738	428	0	0
13.7648	429	0	0
13.7873	430	0	0
13.8185	431	0	0
13.8358	432	0	0
13.8493	433	0	0
13.8505	432	0	0
13.8515	433	0	0
13.8534	434	0	0
13.854	433	0	0
13.8801	432	0	0
13.8891	433	0	0
13.8988	434	0	0
13.8994	435	0	0
13.9127	436	0	0
13.9148	435	0	0
13.924	436	0	0
13.9268	435	0	0
13.9283	434	0	0
13.9407	435	0	0
13.9459	434	0	0
13.9586	435	0	0
13.9666	436	0	0
13.9707	435	0	0
13.9855	436	0	0
13.9926	435	0	0
14.0012	436	0	0
14.0089	409	1	0
14.0277	410	1	0
14.0291	411	1	0
14.0305	412	1	0
14.0702	413	1	0
14.0703	412	1	0
14.088	411	1	0
14.1005	410	1	0
14.1189	411	1	0
14.1204	410	1	0
14.1233	409	1	0
14.1357	408	1	0
14.1437	407	1	0
14.1574	408	1	0
14.1751	409	1	0
14.186	410	1	0
14.2131	411	1	0
14.2196	412	1	0
14.2302	413	1	0
14.2667	414	1	0
14.2763	415	1	0
14.3046	416	1	0
14.3106	417	1	0
14.3133	416	1	0
14.3272	415	1	0
14.3417	414	1	0
14.3643	415	1	0
14.3648	416	1	0
14.3822	417	1	0
14.4086	416	1	0
14.4127	417	1	0
14.4131	418	1	0
14.4291	417	1	0
14.4453	418	1	0
14.4487	417	1	0
14.4559	418	1	0
14.4629	419	1	0
14.4644	420	1	0
14.4717	421	1	0
14.4781	420	1	0
14.4793	421	1	0
14.4808	422	1	0
14.4848	421	1	0
14.4849	422	1	0
14.497	421	1	0
14.5053	422	1	0
14.5197	423	1	0
14.5239	424	1	0
14.536	425	1	0
14.5537	424	1	0
14.5613	425	1	0
14.5683	424	1	0
14.571	425	1	0
14.579	426	1	0
14.589	425	1	0
14.6049	424	1	0
14.6136	423	1	0
14.6195	422	1	0
14.6298	421	1	0
14.6426	422	1	0
14.6489	423	1	0
14.6549	424	1	0
14.6595	423	1	0
14.6728	422	1	0
14.6756	423	1	0
14.6873	424	1	0
14.7191	423	1	0
14.7192	424	1	0
14.7256	425	1	0
14.7298	424	1	0
14.7337	423	1	0
14.738	422	1	0
14.7648	423	1	0
14.7873	424	1	0
14.8185	425	1	0
14.8358	426	1	0
14.8493	427	1	0
14.8505	426	1	0
14.8515	427	1	0
14.8534	428	1	0
14.854	427	1	0
14.8801	426	1	0
14.8891	427	1	0
14.8988	428	1	0
14.8994	429	1	0
14.9127	430	1	0
14.9148	429	1	0
14.924	430	1	0
14.9268	429	1	0
14.9283	428	1	0
14.9407	429	1	0
14.9459	428	1	0
14.9586	429	1	0
14.9666	430	1	0
14.9707	429	1	0
14.9855	430	1	0
14.9926	429	1	0
15.0012	430	1	0
15.0089	455	1	0
15.0277	456	1	0
15.0291	457	1	0
15.0305	456	1	0
15.0702	457	1	0
15.0703	456	1	0
15.088	455	1	0
15.1005	454	1	0
15.1189	455	1	0
15.1204	454	1	0
15.1233	453	1	0
15.1357	452	1	0
15.1437	451	1	0
15.1574	452	1	0
15.1751	453	1	0
15.186	454	1	0
15.2131	455	1	0
15.2196	456	1	0
15.2302	457	1	0
15.2667	458	1	0
15.2763	457	1	0
15.3046	458	1	0
15.3106	459	1	0
15.3133	458	1	0
15.3272	457	1	0
15.3417	456	1	0
15.3643	457	1	0
15.3648	458	1	0
15.3822	459	1	0
15.4086	458	1	0
15.4127	459	1	0
15.4131	460	1	0
15.4291	459	1	0
15.4453	460	1	0
15.4487	459	1	0
15.4559	460	1	0
15.4629	461	1	0
15.4644	462	1	0
15.4717	463	1	0
15.4781	462	1	0
15.4793	461	1	0
15.4808	462	1	0
15.4848	461	1	0
15.4849	462	1	0
15.497	461	1	0
15.5053	462	1	0
15.5197	463	1	0
15.5239	464	1	0
15.536	465	1	0
15.5537	464	1	0
15.5613	465	1	0
15.5683	464	1	0
15.571	465	1	0
15.579	464	1	0
15.589	463	1	0
15.6049	462	1	0
15.6136	461	1	0
15.6195	460	1	0
15.6298	459	1	0
15.6426	458	1	0
15.6489	459	1	0
15.6549	458	1	0
15.6595	457	1	0
15.6728	456	1	0
15.6756	457	1	0
15.6873	458	1	0
15.7191	457	1	0
15.7192	458	1	0
15.7256	459	1	0
15.7298	458	1	0
15.7337	457	1	0
15.738	456	1	0
15.7648	457	1	0
15.7873	458	1	0
15.8185	459	1	0
15.8358	460	1	0
15.8493	461	1	0
15.8505	460	1	0
15.8515	461	1	0
15.8534	462	1	0
15.854	461	1	0
15.8801	460	1	0
15.8891	461	1	0
15.8988	462	1	0
15.8994	463	1	0
15.9127	464	1	0
15.9148	463	1	0
15.924	464	1	0
15.9268	463	1	0
15.9283	462	1	0
15.9407	463	1	0
15.9459	462	1	0
15.9586	463	1	0
15.9666	464	1	0
15.9707	463	1	0
15.9855	464	1	0
15.9926	463	1	0
16.0012	464	1	0
16.0089	446	1	0
16.0277	447	1	0
16.0291	448	1	0
16.0305	447	1	0
16.0702	448	1	0
16.0703	447	1	0
16.088	446	1	0
16.1005	445	1	0
16.1189	446	1	0
16.1204	445	1	0
16.1233	444	1	0
16.1357	443	1	0
16.1437	442	1	0
16.1574	443	1	0
16.1751	444	1	0
16.186	445	1	0
16.2131	446	1	0
16.2196	447	1	0
16.2302	448	1	0
16.2667	449	1	0
16.2763	448	1	0
16.3046	449	1	0
16.3106	450	1	0
16.3133	449	1	0
16.3272	448	1	0
16.3417	447	1	0
16.3643	448	1	0
16.3648	449	1	0
16.3822	450	1	0
16.4086	449	1	0
16.4127	450	1	0
16.4131	451	1	0
16.4291	450	1	0
16.4453	451	1	0
16.4487	450	1	0
16.4559	451	1	0
16.4629	452	1	0
16.4644	453	1	0
16.4717	454	1	0
16.4781	453	1	0
16.4793	452	1	0
16.4808	453	1	0
16.4848	452	1	0
16.4849	453	1	0
16.497	452	1	0
16.5053	453	1	0
16.5197	454	1	0
16.5239	455	1	0
16.536	456	1	0
16.5537	455	1	0
16.5613	456	1	0
16.5683	455	1	0
16.571	456	1	0
16.579	455	1	0
16.589	454	1	0
16.6049	453	1	0
16.6136	452	1	0
16.6195	451	1	0
16.6298	450	1	0
16.6426	451	1	0
16.6489	452	1	0
16.6549	451	1	0
16.6595	450	1	0
16.6728	449	1	0
16.6756	450	1	0
16.6873	451	1	0
16.7191	450	1	0
16.7192	451	1	0
16.7256	452	1	0
16.7298	451	1	0
16.7337	450	1	0
16.738	449	1	0
16.7648	450	1	0
16.7873	451	1	0
16.8185	452	1	0
16.8358	453	1	0
16.8493	454	1	0
16.8505	453	1	0
16.8515	454	1	0
16.8534	455	1	0
16.854	454	1	0
16.8801	453	1	0
16.8891	454	1	0
16.8988	455	1	0
16.8994	456	1	0
16.9127	457	1	0
16.9148	456	1	0
16.924	457	1	0
16.9268	456	1	0
16.9283	455	1	0
16.9407	456	1	0
16.9459	455	1	0
16.9586	456	1	0
16.9666	457	1	0
16.9707	456	1	0
16.9855	457	1	0
16.9926	456	1	0
17.0012	457	1	0
17.0089	480	1	0
17.0277	481	1	0
17.0291	482	1	0
17.0305	481	1	0
17.0702	482	1	0
17.0703	481	1	0
17.088	480	1	0
17.1005	479	1	0
17.1189	480	1	0
17.1204	479	1	0
17.1233	478	1	0
17.1357	477	1	0
17.1437	476	1	0
17.1574	477	1	0
17.1751	478	1	0
17.186	479	1	0
17.2131	480	1	0
17.2196	481	1	0
17.2302	482	1	0
17.2667	483	1	0
17.2763	482	1	0
17.3046	483	1	0
17.3106	484	1	0
17.3133	483	1	0
17.3272	482	1	0
17.3417	481	1	0
17.3643	482	1	0
17.3648	483	1	0
17.3822	484	1	0
17.4086	483	1	0
17.4127	484	1	0
17.4131	485	1	0
17.4291	484	1	0
17.4453	485	1	0
17.4487	484	1	0
17.4559	485	1	0
17.4629	486	1	0
17.4644	487	1	0
17.4717	488	1	0
17.4781	487	1	0
17.4793	486	1	0
17.4808	487	1	0
17.4848	486	1	0
17.4849	487	1	0
17.497	486	1	0
17.5053	487	1	0
17.5197	488	1	0
17.5239	489	1	0
17.536	490	1	0
17.5537	489	1	0
17.5613	490	1	0
17.5683	489	1	0
17.571	490	1	0
17.579	489	1	0
17.589	488	1	0
17.6049	487	1	0
17.6136	486	1	0
17.6195	485	1	0
17.6298	484	1	0
17.6426	483	1	0
17.6489	484	1	0
17.6549	483	1	0
17.6595	482	1	0
17.6728	481	1	0
17.6756	482	1	0
17.6873	483	1	0
17.7191	482	1	0
17.7192	483	1	0
17.7256	484	1	0
17.7298	483	1	0
17.7337	482	1	0
17.738	481	1	0
17.7648	482	1	0
17.7873	483	1	0
17.8185	484	1	0
17.8358	485	1	0
17.8493	486	1	0
17.8505	485	1	0
17.8515	486	1	0
17.8534	487	1	0
17.854	486	1	0
17.8801	485	1	0
17.8891	486	1	0
17.8988	487	1	0
17.8994	488	1	0
17.9127	489	1	0
17.9148	488	1	0
17.924	489	1	0
17.9268	488	1	0
17.9283	487	1	0
17.9407	488	1	0
17.9459	487	1	0
17.9586	488	1	0
17.9666	489	1	0
17.9707	488	1	0
17.9855	489	1	0
17.9926	488	1	0
18.0012	489	1	0
18.0089	469	1	0
18.0277	470	1	0
18.0291	471	1	0
18.0305	470	1	0
18.0702	471	1	0
18.0703	470	1	0
18.088	469	1	0
18.1005	468	1	0
18.1189	469	1	0
18.1204	468	1	0
18.1233	467	1	0
18.1357	466	1	0
18.1437	465	1	0
18.1574	466	1	0
18.1751	467	1	0
18.186	468	1	0
18.2131	469	1	0
18.2196	470	1	0
18.2302	471	1	0
18.2667	472	1	0
18.2763	471	1	0
18.3046	472	1	0
18.3106	473	1	0
18.3133	472	1	0
18.3272	471	1	0
18.3417	470	1	0
18.3643	471	1	0
18.3648	472	1	0
18.3822	473	1	0
18.4086	472	1	0
18.4127	473	1	0
18.4131	474	1	0
18.4291	473	1	0
18.4453	474	1	0
18.4487	473	1	0
18.4559	474	1	0
18.4629	475	1	0
18.4644	476	1	0
18.4717	477	1	0
18.4781	476	1	0
18.4793	475	1	0
18.4808	476	1	0
18.4848	475	1	0
18.4849	476	1	0
18.497	475	1	0
18.5053	476	1	0
18.5197	477	1	0
18.5239	478	1	0
18.536	479	1	0
18.5537	478	1	0
18.5613	479	1	0
18.5683	478	1	0
18.571	479	1	0
18.579	478	1	0
18.589	477	1	0
18.6049	476	1	0
18.6136	475	1	0
18.6195	474	1	0
18.6298	473	1	0
18.6426	472	1	0
18.6489	473	1	0
18.6549	472	1	0
18.6595	471	1	0
18.6728	470	1	0
18.6756	471	1	0
18.6873	472	1	0
18.7191	471	1	0
18.7192	472	1	0
18.7256	473	1	0
18.7298	472	1	0
18.7337	471	1	0
18.738	470	1	0
18.7648	471	1	0
18.7873	472	1	0
18.8185	473	1	0
18.8358	474	1	0
18.8493	475	1	0
18.8505	474	1	0
18.8515	475	1	0
18.8534	476	1	0
18.854	475	1	0
18.8801	474	1	0
18.8891	475	1	0
18.8988	476	1	0
18.8994	477	1	0
18.9127	478	1	0
18.9148	477	1	0
18.924	478	1	0
18.9268	477	1	0
18.9283	476	1	0
18.9407	477	1	0
18.9459	476	1	0
18.9586	477	1	0
18.9666	478	1	0
18.9707	477	1	0
18.9855	478	1	0
18.9926	477	1	0
19.0012	478	1	0
19.0089	485	1	0
19.0277	486	1	0
19.0291	487	1	0
19.0305	486	1	0
19.0702	487	1	0
19.0703	486	1	0
19.088	485	1	0
19.1005	484	1	0
19.1189	485	1	0
19.1204	484	1	0
19.1233	483	1	0
19.1357	482	1	0
19.1437	481	1	0
19.1574	482	1	0
19.1751	483	1	0
19.186	484	1	0
19.2131	485	1	0
19.2196	486	1	0
19.2302	487	1	0
19.2667	488	1	0
19.2763	487	1	0
19.3046	488	1	0
19.3106	489	1	0
19.3133	488	1	0
19.3272	487	1	0
19.3417	486	1	0
19.3643	487	1	0
19.3648	488	1	0
19.3822	489	1	0
19.4086	488	1	0
19.4127	489	1	0
19.4131	490	1	0
19.4291	489	1	0
19.4453	490	1	0
19.4487	489	1	0
19.4559	490	1	0
19.4629	491	1	0
19.4644	492	1	0
19.4717	493	1	0
19.4781	492	1	0
19.4793	491	1	0
19.4808	492	1	0
19.4848	491	1	0
19.4849	492	1	0
19.497	491	1	0
19.5053	492	1	0
19.5197	493	1	0
19.5239	494	1	0
19.536	495	1	0
19.5537	494	1	0
19.5613	495	1	0
19.5683	494	1	0
19.571	495	1	0
19.579	494	1	0
19.589	493	1	0
19.6049	492	1	0
19.6136	491	1	0
19.6195	490	1	0
19.6298	489	1	0
19.6426	488	1	0
19.6489	489	1	0
19.6549	488	1	0
19.6595	487	1	0
19.6728	486	1	0
19.6756	487	1	0
19.6873	488	1	0
19.7191	487	1	0
19.7192	488	1	0
19.7256	489	1	0
19.7298	488	1	0
19.7337	487	1	0
19.738	486	1	0
19.7648	487	1	0
19.7873	488	1	0
19.8185	489	1	0
19.8358	490	1	0
19.8493	491	1	0
19.8505	490	1	0
19.8515	491	1	0
19.8534	492	1	0
19.854	491	1	0
19.8801	490	1	0
19.8891	491	1	0
19.8988	492	1	0
19.8994	493	1	0
19.9127	494	1	0
19.9148	493	1	0
19.924	494	1	0
19.9268	493	1	0
19.9283	492	1	0
19.9407	493	1	0
19.9459	492	1	0
19.9586	493	1	0
19.9666	494	1	0
19.9707	493	1	0
19.9855	494	1	0
19.9926	493	1	0
20.0012	494	1	0
20.0089	493	1	0
20.0277	494	1	0
20.0291	495	1	0
20.0305	494	1	0
20.0702	495	1	0
20.0703	494	1	0
20.088	493	1	0
20.1005	492	1	0
20.1189	493	1	0
20.1204	492	1	0
20.1233	491	1	0
20.1357	490	1	0
20.1437	489	1	0
20.1574	490	1	0
20.1751	491	1	0
20.186	492	1	0
20.2131	493	1	0
20.2196	494	1	0
20.2302	495	1	0
20.2667	496	1	0
20.2763	495	1	0
20.3046	496	1	0
20.3106	497	1	0
20.3133	496	1	0
20.3272	495	1	0
20.3417	494	1	0
20.3643	495	1	0
20.3648	496	1	0
20.3822	497	1	0
20.4086	496	1	0
20.4127	497	1	0
20.4131	498	1	0
20.4291	497	1	0
20.4453	498	1	0
20.4487	497	1	0
20.4559	498	1	0
20.4629	499	1	0
20.4644	500	1	0
20.4717	501	1	0
20.4781	500	1	0
20.4793	499	1	0
20.4808	500	1	0
20.4848	499	1	0
20.4849	500	1	0
20.497	499	1	0
20.5053	500	1	0
20.5197	501	1	0
20.5239	502	1	0
20.536	503	1	0
20.5537	502	1	0
20.5613	503	1	0
20.5683	502	1	0
20.571	503	1	0
20.579	502	1	0
20.589	501	1	0
20.6049	500	1	0
20.6136	499	1	0
20.6195	498	1	0
20.6298	497	1	0
20.6426	496	1	0
20.6489	497	1	0
20.6549	496	1	0
20.6595	495	1	0
20.6728	494	1	0
20.6756	495	1	0
20.6873	496	1	0
20.7191	495	1	0
20.7192	496	1	0
20.7256	497	1	0
20.7298	496	1	0
20.7337	495	1	0
20.738	494	1	0
20.7648	495	1	0
20.7873	496	1	0
20.8185	497	1	0
20.8358	498	1	0
20.8493	499	1	0
20.8505	498	1	0
20.8515	499	1	0
20.8534	500	1	0
20.854	499	1	0
20.8801	498	1	0
20.8891	499	1	0
20.8988	500	1	0
20.8994	501	1	0
20.9127	502	1	0
20.9148	501	1	0
20.924	502	1	0
20.9268	501	1	0
20.9283	500	1	0
20.9407	501	1	0
20.9459	500	1	0
20.9586	501	1	0
20.9666	502	1	0
20.9707	501	1	0
20.9855	502	1	0
20.9926	501	1	0
21.0012	502	1	0
21.0089	496	1	0
21.0277	497	1	0
21.0291	498	1	0
21.0305	497	1	0
21.0702	498	1	0
21.0703	497	1	0
21.088	496	1	0
21.1005	495	1	0
21.1189	496	1	0
21.1204	495	1	0
21.1233	494	1	0
21.1357	493	1	0
21.1437	492	1	0
21.1574	493	1	0
21.1751	494	1	0
21.186	495	1	0
21.2131	496	1	0
21.2196	497	1	0
21.2302	498	1	0
21.2667	499	1	0
21.2763	498	1	0
21.3046	499	1	0
21.3106	500	1	0
21.3133	499	1	0
21.3272	498	1	0
21.3417	497	1	0
21.3643	498	1	0
21.3648	499	1	0
21.3822	500	1	0
21.4086	499	1	0
21.4127	500	1	0
21.4131	501	1	0
21.4291	500	1	0
21.4453	501	1	0
21.4487	500	1	0
21.4559	501	1	0
21.4629	502	1	0
21.4644	503	1	0
21.4717	504	1	0
21.4781	503	1	0
21.4793	502	1	0
21.4808	503	1	0
21.4848	502	1	0
21.4849	503	1	0
21.497	502	1	0
21.5053	503	1	0
21.5197	504	1	0
21.5239	505	1	0
21.536	506	1	0
21.5537	505	1	0
21.5613	506	1	0
21.5683	505	1	0
21.571	506	1	0
21.579	505	1	0
21.589	504	1	0
21.6049	503	1	0
21.6136	502	1	0
21.6195	501	1	0
21.6298	500	1	0
21.6426	499	1	0
21.6489	500	1	0
21.6549	499	1	0
21.6595	498	1	0
21.6728	497	1	0
21.6756	498	1	0
21.6873	499	1	0
21.7191	498	1	0
21.7192	499	1	0
21.7256	500	1	0
21.7298	499	1	0
21.7337	498	1	0
21.738	497	1	0
21.7648	498	1	0
21.7873	499	1	0
21.8185	500	1	0
21.8358	501	1	0
21.8493	502	1	0
21.8505	501	1	0
21.8515	502	1	0
21.8534	503	1	0
21.854	502	1	0
21.8801	501	1	0
21.8891	502	1	0
21.8988	503	1	0
21.8994	504	1	0
21.9127	505	1	0
21.9148	504	1	0
21.924	505	1	0
21.9268	504	1	0
21.9283	503	1	0
21.9407	504	1	0
21.9459	503	1	0
21.9586	504	1	0
21.9666	505	1	0
21.9707	504	1	0
21.9855	505	1	0
21.9926	504	1	0
22.0012	505	1	0
22.0089	514	1	0
22.0277	515	1	0
22.0291	516	1	0
22.0305	515	1	0
22.0702	516	1	0
22.0703	515	1	0
22.088	514	1	0
22.1005	513	1	0
22.1189	514	1	0
22.1204	513	1	0
22.1233	512	1	0
22.1357	511	1	0
22.1437	510	1	0
22.1574	511	1	0
22.1751	512	1	0
22.186	513	1	0
22.2131	514	1	0
22.2196	515	1	0
22.2302	516	1	0
22.2667	517	1	0
22.2763	516	1	0
22.3046	517	1	0
22.3106	518	1	0
22.3133	517	1	0
22.3272	516	1	0
22.3417	515	1	0
22.3643	516	1	0
22.3648	517	1	0
22.3822	518	1	0
22.4086	517	1	0
22.4127	518	1	0
22.4131	519	1	0
22.4291	518	1	0
22.4453	519	1	0
22.4487	518	1	0
22.4559	519	1	0
22.4629	520	1	0
22.4644	521	1	0
22.4717	522	1	0
22.4781	521	1	0
22.4793	520	1	0
22.4808	521	1	0
22.4848	520	1	0
22.4849	521	1	0
22.497	520	1	0
22.5053	521	1	0
22.5197	522	1	0
22.5239	523	1	0
22.536	524	1	0
22.5537	523	1	0
22.5613	524	1	0
22.5683	523	1	0
22.571	524	1	0
22.579	523	1	0
22.589	522	1	0
22.6049	521	1	0
22.6136	520	1	0
22.6195	519	1	0
22.6298	518	1	0
22.6426	517	1	0
22.6489	518	1	0
22.6549	517	1	0
22.6595	516	1	0
22.6728	515	1	0
22.6756	516	1	0
22.6873	517	1	0
22.7191	516	1	0
22.7192	517	1	0
22.7256	518	1	0
22.7298	517	1	0
22.7337	516	1	0
22.738	515	1	0
22.7648	516	1	0
22.7873	517	1	0
22.8185	518	1	0
22.8358	519	1	0
22.8493	520	1	0
22.8505	519	1	0
22.8515	520	1	0
22.8534	521	1	0
22.854	520	1	0
22.8801	519	1	0
22.8891	520	1	0
22.8988	521	1	0
22.8994	522	1	0
22.9127	523	1	0
22.9148	522	1	0
22.924	523	1	0
22.9268	522	1	0
22.9283	521	1	0
22.9407	522	1	0
22.9459	521	1	0
22.9586	522	1	0
22.9666	523	1	0
22.9707	522	1	0
22.9855	523	1	0
22.9926	522	1	0
23.0012	523	1	0
23.0089	523	1	0
23.0277	524	1	0
23.0291	525	1	0
23.0305	524	1	0
23.0702	525	1	0
23.0703	524	1	0
23.088	523	1	0
23.1005	522	1	0
23.1189	521	1	0
23.1204	520	1	0
23.1233	519	1	0
23.1357	518	1	0
23.1437	517	1	0
23.1574	518	1	0
23.1751	519	1	0
23.186	520	1	0
23.2131	521	1	0
23.2196	522	1	0
23.2302	521	1	0
23.2667	522	1	0
23.2763	521	1	0
23.3046	522	1	0
23.3106	523	1	0
23.3133	522	1	0
23.3272	521	1	0
23.3417	520	1	0
23.3643	521	1	0
23.3648	522	1	0
23.3822	523	1	0
23.4086	522	1	0
23.4127	523	1	0
23.4131	524	1	0
23.4291	523	1	0
23.4453	524	1	0
23.4487	523	1	0
23.4559	524	1	0
23.4629	525	1	0
23.4644	526	1	0
23.4717	527	1	0
23.4781	526	1	0
23.4793	525	1	0
23.4808	526	1	0
23.4848	525	1	0
23.4849	524	1	0
23.497	523	1	0
23.5053	524	1	0
23.5197	525	1	0
23.5239	526	1	0
23.536	527	1	0
23.5537	526	1	0
23.5613	527	1	0
23.5683	526	1	0
23.571	527	1	0
23.579	526	1	0
23.589	525	1	0
23.6049	524	1	0
23.6136	523	1	0
23.6195	522	1	0
23.6298	521	1	0
23.6426	520	1	0
23.6489	521	1	0
23.6549	520	1	0
23.6595	519	1	0
23.6728	518	1	0
23.6756	519	1	0
23.6873	520	1	0
23.7191	519	1	0
23.7192	520	1	0
23.7256	521	1	0
23.7298	520	1	0
23.7337	519	1	0
23.738	518	1	0
23.7648	519	1	0
23.7873	520	1	0
23.8185	521	1	0
23.8358	522	1	0
23.8493	523	1	0
23.8505	522	1	0
23.8515	523	1	0
23.8534	524	1	0
23.854	523	1	0
23.8801	522	1	0
23.8891	523	1	0
23.8988	524	1	0
23.8994	525	1	0
23.9127	526	1	0
23.9148	525	1	0
23.924	526	1	0
23.9268	525	1	0
23.9283	524	1	0
23.9407	525	1	0
23.9459	524	1	0
23.9586	525	1	0
23.9666	526	1	0
23.9707	525	1	0
23.9855	526	1	0
23.9926	525	1	0
24.0012	526	1	0
24.0089	535	1	0
24.0277	536	1	0
24.0291	537	1	0
24.0305	536	1	0
24.0702	537	1	0
24.0703	536	1	0
24.088	535	1	0
24.1005	534	1	0
24.1189	533	1	0
24.1204	532	1	0
24.1233	531	1	0
24.1357	530	1	0
24.1437	529	1	0
24.1574	530	1	0
24.1751	531	1	0
24.186	530	1	0
24.2131	531	1	0
24.2196	532	1	0
24.2302	531	1	0
24.2667	532	1	0
24.2763	531	1	0
24.3046	532	1	0
24.3106	533	1	0
24.3133	532	1	0
24.3272	531	1	0
24.3417	530	1	0
24.3643	531	1	0
24.3648	532	1	0
24.3822	533	1	0
24.4086	532	1	0
24.4127	533	1	0
24.4131	534	1	0
24.4291	533	1	0
24.4453	534	1	0
24.4487	533	1	0
24.4559	534	1	0
24.4629	535	1	0
24.4644	536	1	0
24.4717	537	1	0
24.4781	536	1	0
24.4793	535	1	0
24.4808	536	1	0
24.4848	535	1	0
24.4849	534	1	0
24.497	533	1	0
24.5053	534	1	0
24.5197	535	1	0
24.5239	536	1	0
24.536	537	1	0
24.5537	536	1	0
24.5613	537	1	0
24.5683	536	1	0
24.571	537	1	0
24.579	536	1	0
24.589	535	1	0
24.6049	534	1	0
24.6136	533	1	0
24.6195	532	1	0
24.6298	531	1	0
24.6426	530	1	0
24.6489	531	1	0
24.6549	530	1	0
24.6595	529	1	0
24.6728	528	1	0
24.6756	529	1	0
24.6873	530	1	0
24.7191	529	1	0
24.7192	530	1	0
24.7256	531	1	0
24.7298	530	1	0
24.7337	529	1	0
24.738	528	1	0
24.7648	529	1	0
24.7873	530	1	0
24.8185	531	1	0
24.8358	532	1	0
24.8493	533	1	0
24.8505	532	1	0
24.8515	533	1	0
24.8534	534	1	0
24.854	533	1	0
24.8801	532	1	0
24.8891	533	1	0
24.8988	534	1	0
24.8994	535	1	0
24.9127	536	1	0
24.9148	535	1	0
24.924	536	1	0
24.9268	535	1	0
24.9283	534	1	0
24.9407	535	1	0
24.9459	534	1	0
24.9586	535	1	0
24.9666	536	1	0
24.9707	535	1	0
24.9855	536	1	0
24.9926	535	1	0
25.0012	536	1	0
25.0089	540	1	0
25.0277	541	1	0
25.0291	542	1	0
25.0305	541	1	0
25.0702	542	1	0
25.0703	541	1	0
25.088	540	1	0
25.1005	539	1	0
25.1189	538	1	0
25.1204	537	1	0
25.1233	536	1	0
25.1357	535	1	0
25.1437	534	1	0
25.1574	535	1	0
25.1751	534	1	0
25.186	533	1	0
25.2131	534	1	0
25.2196	535	1	0
25.2302	534	1	0
25.2667	535	1	0
25.2763	534	1	0
25.3046	535	1	0
25.3106	536	1	0
25.3133	535	1	0
25.3272	534	1	0
25.3417	533	1	0
25.3643	534	1	0
25.3648	535	1	0
25.3822	536	1	0
25.4086	535	1	0
25.4127	536	1	0
25.4131	537	1	0
25.4291	536	1	0
25.4453	537	1	0
25.4487	536	1	0
25.4559	537	1	0
25.4629	538	1	0
25.4644	539	1	0
25.4717	540	1	0
25.4781	539	1	0
25.4793	538	1	0
25.4808	539	1	0
25.4848	538	1	0
25.4849	537	1	0
25.497	536	1	0
25.5053	537	1	0
25.5197	538	1	0
25.5239	539	1	0
25.536	540	1	0
25.5537	539	1	0
25.5613	540	1	0
25.5683	539	1	0
25.571	540	1	0
25.579	539	1	0
25.589	538	1	0
25.6049	537	1	0
25.6136	536	1	0
25.6195	535	1	0
25.6298	534	1	0
25.6426	533	1	0
25.6489	534	1	0
25.6549	533	1	0
25.6595	532	1	0
25.6728	531	1	0
25.6756	532	1	0
25.6873	533	1	0
25.7191	532	1	0
25.7192	533	1	0
25.7256	534	1	0
25.7298	533	1	0
25.7337	532	1	0
25.738	531	1	0
25.7648	532	1	0
25.7873	533	1	0
25.8185	534	1	0
25.8358	535	1	0
25.8493	536	1	0
25.8505	535	1	0
25.8515	536	1	0
25.8534	537	1	0
25.854	536	1	0
25.8801	535	1	0
25.8891	536	1	0
25.8988	537	1	0
25.8994	538	1	0
25.9127	539	1	0
25.9148	538	1	0
25.924	539	1	0
25.9268	538	1	0
25.9283	537	1	0
25.9407	538	1	0
25.9459	537	1	0
25.9586	538	1	0
25.9666	539	1	0
25.9707	538	1	0
25.9855	539	1	0
25.9926	538	1	0
26.0012	539	1	0
26.0089	522	1	0
26.0277	523	1	0
26.0291	524	1	0
26.0305	523	1	0
26.0702	524	1	0
26.0703	523	1	0
26.088	522	1	0
26.1005	521	1	0
26.1189	520	1	0
26.1204	519	1	0
26.1233	518	1	0
26.1357	517	1	0
26.1437	516	1	0
26.1574	517	1	0
26.1751	518	1	0
26.186	519	1	0
26.2131	520	1	0
26.2196	521	1	0
26.2302	520	1	0
26.2667	521	1	0
26.2763	520	1	0
26.3046	521	1	0
26.3106	522	1	0
26.3133	521	1	0
26.3272	520	1	0
26.3417	519	1	0
26.3643	520	1	0
26.3648	521	1	0
26.3822	522	1	0
26.4086	521	1	0
26.4127	522	1	0
26.4131	523	1	0
26.4291	522	1	0
26.4453	523	1	0
26.4487	522	1	0
26.4559	523	1	0
26.4629	524	1	0
26.4644	525	1	0
26.4717	526	1	0
26.4781	525	1	0
26.4793	524	1	0
26.4808	525	1	0
26.4848	524	1	0
26.4849	523	1	0
26.497	522	1	0
26.5053	523	1	0
26.5197	524	1	0
26.5239	525	1	0
26.536	526	1	0
26.5537	525	1	0
26.5613	526	1	0
26.5683	525	1	0
26.571	526	1	0
26.579	525	1	0
26.589	524	1	0
26.6049	523	1	0
26.6136	522	1	0
26.6195	521	1	0
26.6298	520	1	0
26.6426	519	1	0
26.6489	520	1	0
26.6549	519	1	0
26.6595	518	1	0
26.6728	517	1	0
26.6756	518	1	0
26.6873	519	1	0
26.7191	518	1	0
26.7192	519	1	0
26.7256	520	1	0
26.7298	519	1	0
26.7337	518	1	0
26.738	517	1	0
26.7648	518	1	0
26.7873	519	1	0
26.8185	520	1	0
26.8358	521	1	0
26.8493	522	1	0
26.8505	521	1	0
26.8515	522	1	0
26.8534	523	1	0
26.854	522	1	0
26.8801	521	1	0
26.8891	522	1	0
26.8988	523	1	0
26.8994	524	1	0
26.9127	525	1	0
26.9148	524	1	0
26.924	525	1	0
26.9268	524	1	0
26.9283	523	1	0
26.9407	524	1	0
26.9459	523	1	0
26.9586	524	1	0
26.9666	525	1	0
26.9707	524	1	0
26.9855	525	1	0
26.9926	524	1	0
27.0012	525	1	0
27.0089	534	1	0
27.0277	535	1	0
27.0291	536	1	0
27.0305	535	1	0
27.0702	536	1	0
27.0703	535	1	0
27.088	534	1	0
27.1005	533	1	0
27.1189	532	1	0
27.1204	531	1	0
27.1233	530	1	0
27.1357	529	1	0
27.1437	528	1	0
27.1574	529	1	0
27.1751	530	1	0
27.186	531	1	0
27.2131	532	1	0
27.2196	533	1	0
27.2302	532	1	0
27.2667	533	1	0
27.2763	532	1	0
27.3046	533	1	0
27.3106	534	1	0
27.3133	533	1	0
27.3272	532	1	0
27.3417	531	1	0
27.3643	532	1	0
27.3648	533	1	0
27.3822	534	1	0
27.4086	533	1	0
27.4127	534	1	0
27.4131	535	1	0
27.4291	534	1	0
27.4453	535	1	0
27.4487	534	1	0
27.4559	535	1	0
27.4629	536	1	0
27.4644	537	1	0
27.4717	538	1	0
27.4781	537	1	0
27.4793	536	1	0
27.4808	537	1	0
27.4848	536	1	0
27.4849	535	1	0
27.497	534	1	0
27.5053	535	1	0
27.5197	536	1	0
27.5239	537	1	0
27.536	538	1	0
27.5537	537	1	0
27.5613	538	1	0
27.5683	537	1	0
27.571	538	1	0
27.579	537	1	0
27.589	536	1	0
27.6049	535	1	0
27.6136	534	1	0
27.6195	533	1	0
27.6298	532	1	0
27.6426	531	1	0
27.6489	532	1	0
27.6549	531	1	0
27.6595	530	1	0
27.6728	529	1	0
27.6756	530	1	0
27.6873	531	1	0
27.7191	530	1	0
27.7192	531	1	0
27.7256	532	1	0
27.7298	531	1	0
27.7337	530	1	0
27.738	529	1	0
27.7648	530	1	0
27.7873	531	1	0
27.8185	532	1	0
27.8358	533	1	0
27.8493	534	1	0
27.8505	533	1	0
27.8515	534	1	0
27.8534	535	1	0
27.854	534	1	0
27.8801	533	1	0
27.8891	534	1	0
27.8988	535	1	0
27.8994	536	1	0
27.9127	537	1	0
27.9148	536	1	0
27.924	537	1	0
27.9268	536	1	0
27.9283	535	1	0
27.9407	536	1	0
27.9459	535	1	0
27.9586	536	1	0
27.9666	537	1	0
27.9707	536	1	0
27.9855	537	1	0
27.9926	536	1	0
28.0012	537	1	0
28.0089	514	1	0
28.0277	515	1	0
28.0291	516	1	0
28.0305	515	1	0
28.0702	516	1	0
28.0703	515	1	0
28.088	514	1	0
28.1005	513	1	0
28.1189	514	1	0
28.1204	513	1	0
28.1233	512	1	0
28.1357	511	1	0
28.1437	510	1	0
28.1574	511	1	0
28.1751	512	1	0
28.186	513	1	0
28.2131	514	1	0
28.2196	515	1	0
28.2302	516	1	0
28.2667	517	1	0
28.2763	516	1	0
28.3046	517	1	0
28.3106	518	1	0
28.3133	517	1	0
28.3272	516	1	0
28.3417	515	1	0
28.3643	516	1	0
28.3648	517	1	0
28.3822	518	1	0
28.4086	517	1	0
28.4127	518	1	0
28.4131	519	1	0
28.4291	518	1	0
28.4453	519	1	0
28.4487	518	1	0
28.4559	519	1	0
28.4629	520	1	0
28.4644	521	1	0
28.4717	522	1	0
28.4781	521	1	0
28.4793	520	1	0
28.4808	521	1	0
28.4848	520	1	0
28.4849	521	1	0
28.497	520	1	0
28.5053	521	1	0
28.5197	522	1	0
28.5239	523	1	0
28.536	524	1	0
28.5537	523	1	0
28.5613	524	1	0
28.5683	523	1	0
28.571	524	1	0
28.579	523	1	0
28.589	522	1	0
28.6049	521	1	0
28.6136	520	1	0
28.6195	519	1	0
28.6298	518	1	0
28.6426	517	1	0
28.6489	518	1	0
28.6549	517	1	0
28.6595	516	1	0
28.6728	515	1	0
28.6756	516	1	0
28.6873	517	1	0
28.7191	516	1	0
28.7192	517	1	0
28.7256	518	1	0
28.7298	517	1	0
28.7337	516	1	0
28.738	515	1	0
28.7648	516	1	0
28.7873	517	1	0
28.8185	518	1	0
28.8358	519	1	0
28.8493	520	1	0
28.8505	519	1	0
28.8515	520	1	0
28.8534	521	1	0
28.854	520	1	0
28.8801	519	1	0
28.8891	520	1	0
28.8988	521	1	0
28.8994	522	1	0
28.9127	523	1	0
28.9148	522	1	0
28.924	523	1	0
28.9268	522	1	0
28.9283	521	1	0
28.9407	522	1	0
28.9459	521	1	0
28.9586	522	1	0
28.9666	523	1	0
28.9707	522	1	0
28.9855	523	1	0
28.9926	522	1	0
29.0012	523	1	0
29.0089	537	1	0
29.0277	538	1	0
29.0291	539	1	0
29.0305	538	1	0
29.0702	539	1	0
29.0703	538	1	0
29.088	537	1	0
29.1005	536	1	0
29.1189	535	1	0
29.1204	534	1	0
29.1233	533	1	0
29.1357	532	1	0
29.1437	531	1	0
29.1574	532	1	0
29.1751	531	1	0
29.186	530	1	0
29.2131	531	1	0
29.2196	532	1	0
29.2302	531	1	0
29.2667	532	1	0
29.2763	531	1	0
29.3046	532	1	0
29.3106	533	1	0
29.3133	532	1	0
29.3272	531	1	0
29.3417	530	1	0
29.3643	531	1	0
29.3648	532	1	0
29.3822	533	1	0
29.4086	532	1	0
29.4127	533	1	0
29.4131	534	1	0
29.4291	533	1	0
29.4453	534	1	0
29.4487	533	1	0
29.4559	534	1	0
29.4629	535	1	0
29.4644	536	1	0
29.4717	537	1	0
29.4781	536	1	0
29.4793	535	1	0
29.4808	536	1	0
29.4848	535	1	0
29.4849	534	1	0
29.497	533	1	0
29.5053	534	1	0
29.5197	535	1	0
29.5239	536	1	0
29.536	537	1	0
29.5537	536	1	0
29.5613	537	1	0
29.5683	536	1	0
29.571	537	1	0
29.579	536	1	0
29.589	535	1	0
29.6049	534	1	0
29.6136	533	1	0
29.6195	532	1	0
29.6298	531	1	0
29.6426	530	1	0
29.6489	531	1	0
29.6549	530	1	0
29.6595	529	1	0
29.6728	528	1	0
29.6756	529	1	0
29.6873	530	1	0
29.7191	529	1	0
29.7192	530	1	0
29.7256	531	1	0
29.7298	530	1	0
29.7337	529	1	0
29.738	528	1	0
29.7648	529	1	0
29.7873	530	1	0
29.8185	531	1	0
29.8358	532	1	0
29.8493	533	1	0
29.8505	532	1	0
29.8515	533	1	0
29.8534	534	1	0
29.854	533	1	0
29.8801	532	1	0
29.8891	533	1	0
29.8988	534	1	0
29.8994	535	1	0
29.9127	536	1	0
29.9148	535	1	0
29.924	536	1	0
29.9268	535	1	0
29.9283	534	1	0
29.9407	535	1	0
29.9459	534	1	0
29.9586	535	1	0
29.9666	536	1	0
29.9707	535	1	0
29.9855	536	1	0
29.9926	535	1	0
30.0012	536	1	0
30.0089	518	1	0
30.0277	519	1	0
30.0291	520	1	0
30.0305	519	1	0
30.0702	520	1	0
30.0703	519	1	0
30.088	518	1	0
30.1005	517	1	0
30.1189	518	1	0
30.1204	517	1	0
30.1233	516	1	0
30.1357	515	1	0
30.1437	514	1	0
30.1574	515	1	0
30.1751	516	1	0
30.186	517	1	0
30.2131	518	1	0
30.2196	519	1	0
30.2302	520	1	0
30.2667	521	1	0
30.2763	520	1	0
30.3046	521	1	0
30.3106	522	1	0
30.3133	521	1	0
30.3272	520	1	0
30.3417	519	1	0
30.3643	520	1	0
30.3648	521	1	0
30.3822	522	1	0
30.4086	521	1	0
30.4127	522	1	0
30.4131	523	1	0
30.4291	522	1	0
30.4453	523	1	0
30.4487	522	1	0
30.4559	523	1	0
30.4629	524	1	0
30.4644	525	1	0
30.4717	526	1	0
30.4781	525	1	0
30.4793	524	1	0
30.4808	525	1	0
30.4848	524	1	0
30.4849	523	1	0
30.497	522	1	0
30.5053	523	1	0
30.5197	524	1	0
30.5239	525	1	0
30.536	526	1	0
30.5537	525	1	0
30.5613	526	1	0
30.5683	525	1	0
30.571	526	1	0
30.579	525	1	0
30.589	524	1	0
30.6049	523	1	0
30.6136	522	1	0
30.6195	521	1	0
30.6298	520	1	0
30.6426	519	1	0
30.6489	520	1	0
30.6549	519	1	0
30.6595	518	1	0
30.6728	517	1	0
30.6756	518	1	0
30.6873	519	1	0
30.7191	518	1	0
30.7192	519	1	0
30.7256	520	1	0
30.7298	519	1	0
30.7337	518	1	0
30.738	517	1	0
30.7648	518	1	0
30.7873	519	1	0
30.8185	520	1	0
30.8358	521	1	0
30.8493	522	1	0
30.8505	521	1	0
30.8515	522	1	0
30.8534	523	1	0
30.854	522	1	0
30.8801	521	1	0
30.8891	522	1	0
30.8988	523	1	0
30.8994	524	1	0
30.9127	525	1	0
30.9148	524	1	0
30.924	525	1	0
30.9268	524	1	0
30.9283	523	1	0
30.9407	524	1	0
30.9459	523	1	0
30.9586	524	1	0
30.9666	525	1	0
30.9707	524	1	0
30.9855	525	1	0
30.9926	524	1	0
31.0012	525	1	0
31.0089	545	1	0
31.0277	546	1	0
31.0291	547	1	0
31.0305	546	1	0
31.0702	547	1	0
31.0703	546	1	0
31.088	545	1	0
31.1005	544	1	0
31.1189	543	1	0
31.1204	542	1	0
31.1233	541	1	0
31.1357	540	1	0
31.1437	539	1	0
31.1574	540	1	0
31.1751	539	1	0
31.186	538	1	0
31.2131	539	1	0
31.2196	540	1	0
31.2302	539	1	0
31.2667	540	1	0
31.2763	539	1	0
31.3046	540	1	0
31.3106	541	1	0
31.3133	540	1	0
31.3272	539	1	0
31.3417	538	1	0
31.3643	539	1	0
31.3648	540	1	0
31.3822	541	1	0
31.4086	540	1	0
31.4127	541	1	0
31.4131	542	1	0
31.4291	541	1	0
31.4453	542	1	0
31.4487	541	1	0
31.4559	542	1	0
31.4629	543	1	0
31.4644	544	1	0
31.4717	543	1	0
31.4781	542	1	0
31.4793	541	1	0
31.4808	542	1	0
31.4848	541	1	0
31.4849	540	1	0
31.497	539	1	0
31.5053	540	1	0
31.5197	541	1	0
31.5239	542	1	0
31.536	543	1	0
31.5537	542	1	0
31.5613	543	1	0
31.5683	542	1	0
31.571	543	1	0
31.579	542	1	0
31.589	541	1	0
31.6049	540	1	0
31.6136	539	1	0
31.6195	538	1	0
31.6298	537	1	0
31.6426	536	1	0
31.6489	537	1	0
31.6549	536	1	0
31.6595	535	1	0
31.6728	534	1	0
31.6756	535	1	0
31.6873	536	1	0
31.7191	535	1	0
31.7192	536	1	0
31.7256	537	1	0
31.7298	536	1	0
31.7337	535	1	0
31.738	534	1	0
31.7648	535	1	0
31.7873	536	1	0
31.8185	537	1	0
31.8358	538	1	0
31.8493	539	1	0
31.8505	538	1	0
31.8515	539	1	0
31.8534	540	1	0
31.854	539	1	0
31.8801	538	1	0
31.8891	539	1	0
31.8988	540	1	0
31.8994	541	1	0
31.9127	542	1	0
31.9148	541	1	0
31.924	542	1	0
31.9268	541	1	0
31.9283	540	1	0
31.9407	541	1	0
31.9459	540	1	0
31.9586	541	1	0
31.9666	542	1	0
31.9707	541	1	0
31.9855	542	1	0
31.9926	541	1	0
32.0012	542	1	0
32.0089	518	1	0
32.0277	519	1	0
32.0291	520	1	0
32.0305	519	1	0
32.0702	520	1	0
32.0703	519	1	0
32.088	518	1	0
32.1005	517	1	0
32.1189	518	1	0
32.1204	517	1	0
32.1233	516	1	0
32.1357	515	1	0
32.1437	514	1	0
32.1574	515	1	0
32.1751	516	1	0
32.186	517	1	0
32.2131	518	1	0
32.2196	519	1	0
32.2302	520	1	0
32.2667	521	1	0
32.2763	520	1	0
32.3046	521	1	0
32.3106	522	1	0
32.3133	521	1	0
32.3272	520	1	0
32.3417	519	1	0
32.3643	520	1	0
32.3648	521	1	0
32.3822	522	1	0
32.4086	521	1	0
32.4127	522	1	0
32.4131	523	1	0
32.4291	522	1	0
32.4453	523	1	0
32.4487	522	1	0
32.4559	523	1	0
32.4629	524	1	0
32.4644	525	1	0
32.4717	526	1	0
32.4781	525	1	0
32.4793	524	1	0
32.4808	525	1	0
32.4848	524	1	0
32.4849	523	1	0
32.497	522	1	0
32.5053	523	1	0
32.5197	524	1	0
32.5239	525	1	0
32.536	526	1	0
32.5537	525	1	0
32.5613	526	1	0
32.5683	525	1	0
32.571	526	1	0
32.579	525	1	0
32.589	524	1	0
32.6049	523	1	0
32.6136	522	1	0
32.6195	521	1	0
32.6298	520	1	0
32.6426	519	1	0
32.6489	520	1	0
32.6549	519	1	0
32.6595	518	1	0
32.6728	517	1	0
32.6756	518	1	0
32.6873	519	1	0
32.7191	518	1	0
32.7192	519	1	0
32.7256	520	1	0
32.7298	519	1	0
32.7337	518	1	0
32.738	517	1	0
32.7648	518	1	0
32.7873	519	1	0
32.8185	520	1	0
32.8358	521	1	0
32.8493	522	1	0
32.8505	521	1	0
32.8515	522	1	0
32.8534	523	1	0
32.854	522	1	0
32.8801	521	1	0
32.8891	522	1	0
32.8988	523	1	0
32.8994	524	1	0
32.9127	525	1	0
32.9148	524	1	0
32.924	525	1	0
32.9268	524	1	0
32.9283	523	1	0
32.9407	524	1	0
32.9459	523	1	0
32.9586	524	1	0
32.9666	525	1	0
32.9707	524	1	0
32.9855	525	1	0
32.9926	524	1	0
33.0012	525	1	0
33.0089	550	2	0
33.0277	551	2	0
33.0291	552	2	0
33.0305	551	2	0
33.0702	552	2	0
33.0703	551	2	0
33.088	550	2	0
33.1005	549	2	0
33.1189	548	2	0
33.1204	547	2	0
33.1233	546	2	0
33.1357	545	2	0
33.1437	544	2	0
33.1574	545	2	0
33.1751	544	2	0
33.186	543	2	0
33.2131	544	2	0
33.2196	545	2	0
33.2302	544	2	0
33.2667	545	2	0
33.2763	544	2	0
33.3046	545	2	0
33.3106	546	2	0
33.3133	545	2	0
33.3272	544	2	0
33.3417	543	2	0
33.3643	544	2	0
33.3648	545	2	0
33.3822	546	2	0
33.4086	545	2	0
33.4127	546	2	0
33.4131	547	2	0
33.4291	546	2	0
33.4453	547	2	0
33.4487	546	2	0
33.4559	547	2	0
33.4629	548	2	0
33.4644	549	2	0
33.4717	548	2	0
33.4781	547	2	0
33.4793	546	2	0
33.4808	547	2	0
33.4848	546	2	0
33.4849	545	2	0
33.497	544	2	0
33.5053	545	2	0
33.5197	546	2	0
33.5239	547	2	0
33.536	548	2	0
33.5537	547	2	0
33.5613	548	2	0
33.5683	547	2	0
33.571	548	2	0
33.579	547	2	0
33.589	546	2	0
33.6049	545	2	0
33.6136	544	2	0
33.6195	543	2	0
33.6298	542	2	0
33.6426	541	2	0
33.6489	542	2	0
33.6549	541	2	0
33.6595	540	2	0
33.6728	539	2	0
33.6756	540	2	0
33.6873	541	2	0
33.7191	540	2	0
33.7192	541	2	0
33.7256	542	2	0
33.7298	541	2	0
33.7337	540	2	0
33.738	539	2	0
33.7648	540	2	0
33.7873	541	2	0
33.8185	542	2	0
33.8358	543	2	0
33.8493	544	2	0
33.8505	543	2	0
33.8515	544	2	0
33.8534	545	2	0
33.854	544	2	0
33.8801	543	2	0
33.8891	544	2	0
33.8988	545	2	0
33.8994	546	2	0
33.9127	547	2	0
33.9148	546	2	0
33.924	547	2	0
33.9268	546	2	0
33.9283	545	2	0
33.9407	546	2	0
33.9459	545	2	0
33.9586	546	2	0
33.9666	547	2	0
33.9707	546	2	0
33.9855	547	2	0
33.9926	546	2	0
34.0012	547	2	0
34.0089	525	4	0
34.0277	526	4	0
34.0291	527	4	0
34.0305	526	4	0
34.0702	527	4	0
34.0703	526	4	0
34.088	525	4	0
34.1005	524	4	0
34.1189	523	4	0
34.1204	523	3	0
34.1233	522	3	0
34.1357	521	3	0
34.1437	520	3	0
34.1574	521	3	0
34.1751	522	3	0
34.186	523	3	0
34.2131	524	3	0
34.2196	525	3	0
34.2302	524	3	0
34.2667	525	3	0
34.2763	524	3	0
34.3046	525	3	0
34.3106	526	3	0
34.3133	525	3	0
34.3272	524	3	0
34.3417	523	3	0
34.3643	524	3	0
34.3648	525	3	0
34.3822	526	3	0
34.4086	525	3	0
34.4127	526	3	0
34.4131	527	3	0
34.4291	526	3	0
34.4453	527	3	0
34.4487	526	3	0
34.4559	527	3	0
34.4629	528	3	0
34.4644	529	3	0
34.4717	530	3	0
34.4781	529	3	0
34.4793	528	3	0
34.4808	529	3	0
34.4848	528	3	0
34.4849	527	3	0
34.497	526	3	0
34.5053	527	3	0
34.5197	528	3	0
34.5239	529	3	0
34.536	530	3	0
34.5537	529	3	0
34.5613	530	3	0
34.5683	529	3	0
34.571	530	3	0
34.579	529	3	0
34.589	528	3	0
34.6049	527	3	0
34.6136	526	3	0
34.6195	525	3	0
34.6298	524	3	0
34.6426	523	3	0
34.6489	524	3	0
34.6549	523	3	0
34.6595	522	3	0
34.6728	521	3	0
34.6756	522	3	0
34.6873	523	3	0
34.7191	522	3	0
34.7192	523	3	0
34.7256	524	3	0
34.7298	523	3	0
34.7337	522	3	0
34.738	521	3	0
34.7648	522	3	0
34.7873	523	3	0
34.8185	524	3	0
34.8358	525	3	0
34.8493	526	3	0
34.8505	525	3	0
34.8515	526	3	0
34.8534	527	3	0
34.854	526	3	0
34.8801	525	3	0
34.8891	526	3	0
34.8988	527	3	0
34.8994	528	3	0
34.9127	529	3	0
34.9148	528	3	0
34.924	529	3	0
34.9268	528	3	0
34.9283	527	3	0
34.9407	528	3	0
34.9459	527	3	0
34.9586	528	3	0
34.9666	529	3	0
34.9707	528	3	0
34.9855	529	3	0
34.9926	528	3	0
35.0012	529	3	0
35.0089	545	8	0
35.0277	546	8	0
35.0291	547	8	0
35.0305	546	8	0
35.0702	547	8	0
35.0703	546	8	0
35.088	545	8	0
35.1005	544	8	0
35.1189	543	8	0
35.1204	543	7	0
35.1233	542	7	0
35.1357	541	7	0
35.1437	540	7	0
35.1574	541	7	0
35.1751	540	7	0
35.186	539	7	0
35.2131	540	7	0
35.2196	541	7	0
35.2302	540	7	0
35.2667	541	7	0
35.2763	540	7	0
35.3046	541	7	0
35.3106	542	7	0
35.3133	541	7	0
35.3272	540	7	0
35.3417	539	7	0
35.3643	540	7	0
35.3648	541	7	0
35.3822	542	7	0
35.4086	541	7	0
35.4127	542	7	0
35.4131	543	7	0
35.4291	542	7	0
35.4453	543	7	0
35.4487	542	7	0
35.4559	543	7	0
35.4629	544	7	0
35.4644	545	7	0
35.4717	544	7	0
35.4781	543	7	0
35.4793	542	7	0
35.4808	543	7	0
35.4848	542	7	0
35.4849	541	7	0
35.497	540	7	0
35.5053	541	7	0
35.5197	542	7	0
35.5239	543	7	0
35.536	544	7	0
35.5537	543	7	0
35.5613	544	7	0
35.5683	543	7	0
35.571	544	7	0
35.579	543	7	0
35.589	542	7	0
35.6049	541	7	0
35.6136	540	7	0
35.6195	539	7	0
35.6298	538	7	0
35.6426	537	7	0
35.6489	538	7	0
35.6549	537	7	0
35.6595	536	7	0
35.6728	535	7	0
35.6756	536	7	0
35.6873	537	7	0
35.7191	536	7	0
35.7192	537	7	0
35.7256	538	7	0
35.7298	537	7	0
35.7337	536	7	0
35.738	535	7	0
35.7648	536	7	0
35.7873	537	7	0
35.8185	538	7	0
35.8358	539	7	0
35.8493	540	7	0
35.8505	539	7	0
35.8515	540	7	0
35.8534	541	7	0
35.854	540	7	0
35.8801	539	7	0
35.8891	540	7	0
35.8988	541	7	0
35.8994	542	7	0
35.9127	543	7	0
35.9148	542	7	0
35.924	543	7	0
35.9268	542	7	0
35.9283	541	7	0
35.9407	542	7	0
35.9459	541	7	0
35.9586	542	7	0
35.9666	543	7	0
35.9707	542	7	0
35.9855	543	7	0
35.9926	542	7	0
36.0012	543	7	0
36.0089	517	11	0
36.0277	518	11	0
36.0291	519	11	0
36.0305	518	11	0
36.0702	519	11	0
36.0703	518	11	0
36.088	517	11	0
36.1005	516	11	0
36.1189	515	11	0
36.1204	515	10	0
36.1233	514	10	0
36.1357	513	10	0
36.1437	512	10	0
36.1574	513	10	0
36.1751	514	10	0
36.186	515	10	0
36.2131	516	10	0
36.2196	517	10	0
36.2302	516	10	0
36.2667	517	10	0
36.2763	516	10	0
36.3046	517	10	0
36.3106	518	10	0
36.3133	517	10	0
36.3272	516	10	0
36.3417	515	10	0
36.3643	516	10	0
36.3648	517	10	0
36.3822	518	10	0
36.4086	517	10	0
36.4127	518	10	0
36.4131	519	10	0
36.4291	518	10	0
36.4453	519	10	0
36.4487	518	10	0
36.4559	519	10	0
36.4629	520	10	0
36.4644	521	10	0
36.4717	522	10	0
36.4781	521	10	0
36.4793	520	10	0
36.4808	521	10	0
36.4848	520	10	0
36.4849	519	10	0
36.497	518	10	0
36.5053	519	10	0
36.5197	520	10	0
36.5239	521	10	0
36.536	522	10	0
36.5537	521	10	0
36.5613	522	10	0
36.5683	521	10	0
36.571	522	10	0
36.579	521	10	0
36.589	520	10	0
36.6049	519	10	0
36.6136	518	10	0
36.6195	517	10	0
36.6298	516	10	0
36.6426	515	10	0
36.6489	516	10	0
36.6549	515	10	0
36.6595	514	10	0
36.6728	513	10	0
36.6756	514	10	0
36.6873	515	10	0
36.7191	514	10	0
36.7192	515	10	0
36.7256	516	10	0
36.7298	515	10	0
36.7337	514	10	0
36.738	513	10	0
36.7648	514	10	0
36.7873	515	10	0
36.8185	516	10	0
36.8358	517	10	0
36.8493	518	10	0
36.8505	517	10	0
36.8515	518	10	0
36.8534	519	10	0
36.854	518	10	0
36.8801	517	10	0
36.8891	518	10	0
36.8988	519	10	0
36.8994	520	10	0
36.9127	521	10	0
36.9148	520	10	0
36.924	521	10	0
36.9268	520	10	0
36.9283	519	10	0
36.9407	520	10	0
36.9459	519	10	0
36.9586	520	10	0
36.9666	521	10	0
36.9707	520	10	0
36.9855	521	10	0
36.9926	520	10	0
37.0012	521	10	0
37.0089	516	20	0
37.0277	517	20	0
37.0291	518	20	0
37.0305	517	20	0
37.0702	518	20	0
37.0703	517	20	0
37.088	516	20	0
37.1005	515	20	0
37.1189	514	20	0
37.1204	514	19	0
37.1233	513	19	0
37.1357	512	19	0
37.1437	511	19	0
37.1574	512	19	0
37.1751	513	19	0
37.186	512	19	0
37.2131	513	19	0
37.2196	514	19	0
37.2302	513	19	0
37.2667	514	19	0
37.2763	513	19	0
37.3046	514	19	0
37.3106	515	19	0
37.3133	514	19	0
37.3272	513	19	0
37.3417	512	19	0
37.3643	513	19	0
37.3648	514	19	0
37.3822	515	19	0
37.4086	514	19	0
37.4127	515	19	0
37.4131	516	19	0
37.4291	515	19	0
37.4453	516	19	0
37.4487	515	19	0
37.4559	516	19	0
37.4629	517	19	0
37.4644	518	19	0
37.4717	519	19	0
37.4781	518	19	0
37.4793	517	19	0
37.4808	518	19	0
37.4848	517	19	0
37.4849	516	19	0
37.497	515	19	0
37.5053	516	19	0
37.5197	517	19	0
37.5239	518	19	0
37.536	519	19	0
37.5537	518	19	0
37.5613	519	19	0
37.5683	518	19	0
37.571	519	19	0
37.579	518	19	0
37.589	517	19	0
37.6049	516	19	0
37.6136	515	19	0
37.6195	514	19	0
37.6298	513	19	0
37.6426	512	19	0
37.6489	513	19	0
37.6549	512	19	0
37.6595	511	19	0
37.6728	510	19	0
37.6756	511	19	0
37.6873	512	19	0
37.7191	511	19	0
37.7192	512	19	0
37.7256	513	19	0
37.7298	512	19	0
37.7337	511	19	0
37.738	510	19	0
37.7648	511	19	0
37.7873	512	19	0
37.8185	513	19	0
37.8358	514	19	0
37.8493	515	19	0
37.8505	514	19	0
37.8515	515	19	0
37.8534	516	19	0
37.854	515	19	0
37.8801	514	19	0
37.8891	515	19	0
37.8988	516	19	0
37.8994	517	19	0
37.9127	518	19	0
37.9148	517	19	0
37.924	518	19	0
37.9268	517	19	0
37.9283	516	19	0
37.9407	517	19	0
37.9459	516	19	0
37.9586	517	19	0
37.9666	518	19	0
37.9707	517	19	0
37.9855	518	19	0
37.9926	517	19	0
38.0012	518	19	0
38.0089	508	26	0
38.0277	509	26	0
38.0291	510	26	0
38.0305	509	26	0
38.0702	510	26	0
38.0703	509	26	0
38.088	508	26	0
38.1005	507	26	0
38.1189	506	26	0
38.1204	506	25	0
38.1233	505	25	0
38.1357	504	25	0
38.1437	503	25	0
38.1574	504	25	0
38.1751	505	25	0
38.186	506	25	0
38.2131	507	25	0
38.2196	508	25	0
38.2302	507	25	0
38.2667	508	25	0
38.2763	507	25	0
38.3046	508	25	0
38.3106	509	25	0
38.3133	508	25	0
38.3272	507	25	0
38.3417	506	25	0
38.3643	507	25	0
38.3648	508	25	0
38.3822	509	25	0
38.4086	508	25	0
38.4127	509	25	0
38.4131	510	25	0
38.4291	509	25	0
38.4453	510	25	0
38.4487	509	25	0
38.4559	510	25	0
38.4629	511	25	0
38.4644	512	25	0
38.4717	513	25	0
38.4781	512	25	0
38.4793	511	25	0
38.4808	512	25	0
38.4848	511	25	0
38.4849	510	25	0
38.497	509	25	0
38.5053	510	25	0
38.5197	511	25	0
38.5239	512	25	0
38.536	513	25	0
38.5537	512	25	0
38.5613	513	25	0
38.5683	512	25	0
38.571	513	25	0
38.579	512	25	0
38.589	511	25	0
38.6049	510	25	0
38.6136	509	25	0
38.6195	508	25	0
38.6298	507	25	0
38.6426	506	25	0
38.6489	507	25	0
38.6549	506	25	0
38.6595	505	25	0
38.6728	504	25	0
38.6756	505	25	0
38.6873	506	25	0
38.7191	505	25	0
38.7192	506	25	0
38.7256	507	25	0
38.7298	506	25	0
38.7337	505	25	0
38.738	504	25	0
38.7648	505	25	0
38.7873	506	25	0
38.8185	507	25	0
38.8358	508	25	0
38.8493	509	25	0
38.8505	508	25	0
38.8515	509	25	0
38.8534	510	25	0
38.854	509	25	0
38.8801	508	25	0
38.8891	509	25	0
38.8988	510	25	0
38.8994	511	25	0
38.9127	512	25	0
38.9148	511	25	0
38.924	512	25	0
38.9268	511	25	0
38.9283	510	25	0
38.9407	511	25	0
38.9459	510	25	0
38.9586	511	25	0
38.9666	512	25	0
38.9707	511	25	0
38.9855	512	25	0
38.9926	511	25	0
39.0012	512	25	0
39.0089	498	31	0
39.0277	499	31	0
39.0291	500	31	0
39.0305	499	31	0
39.0702	500	31	0
39.0703	499	31	0
39.088	498	31	0
39.1005	497	31	0
39.1189	496	31	0
39.1204	496	30	0
39.1233	495	30	0
39.1357	494	30	0
39.1437	493	30	0
39.1574	494	30	0
39.1751	495	30	0
39.186	496	30	0
39.2131	497	30	0
39.2196	498	30	0
39.2302	497	30	0
39.2667	498	30	0
39.2763	497	30	0
39.3046	498	30	0
39.3106	499	30	0
39.3133	498	30	0
39.3272	497	30	0
39.3417	496	30	0
39.3643	497	30	0
39.3648	498	30	0
39.3822	499	30	0
39.4086	498	30	0
39.4127	499	30	0
39.4131	500	30	0
39.4291	499	30	0
39.4453	500	30	0
39.4487	499	30	0
39.4559	500	30	0
39.4629	501	30	0
39.4644	502	30	0
39.4717	503	30	0
39.4781	502	30	0
39.4793	501	30	0
39.4808	502	30	0
39.4848	501	30	0
39.4849	500	30	0
39.497	499	30	0
39.5053	500	30	0
39.5197	501	30	0
39.5239	502	30	0
39.536	503	30	0
39.5537	502	30	0
39.5613	503	30	0
39.5683	502	30	0
39.571	503	30	0
39.579	502	30	0
39.589	501	30	0
39.6049	500	30	0
39.6136	499	30	0
39.6195	498	30	0
39.6298	497	30	0
39.6426	496	30	0
39.6489	497	30	0
39.6549	496	30	0
39.6595	495	30	0
39.6728	494	30	0
39.6756	495	30	0
39.6873	496	30	0
39.7191	495	30	0
39.7192	496	30	0
39.7256	497	30	0
39.7298	496	30	0
39.7337	495	30	0
39.738	494	30	0
39.7648	495	30	0
39.7873	496	30	0
39.8185	497	30	0
39.8358	498	30	0
39.8493	499	30	0
39.8505	498	30	0
39.8515	499	30	0
39.8534	500	30	0
39.854	499	30	0
39.8801	498	30	0
39.8891	499	30	0
39.8988	500	30	0
39.8994	501	30	0
39.9127	502	30	0
39.9148	501	30	0
39.924	502	30	0
39.9268	501	30	0
39.9283	500	30	0
39.9407	501	30	0
39.9459	500	30	0
39.9586	501	30	0
39.9666	502	30	0
39.9707	501	30	0
39.9855	502	30	0
39.9926	501	30	0
40.0012	502	30	0
40.0089	500	41	0
40.0277	501	41	0
40.0291	502	41	0
40.0305	501	41	0
40.0702	502	41	0
40.0703	501	41	0
40.088	500	41	0
40.1005	499	41	0
40.1189	498	41	0
40.1204	498	40	0
40.1233	497	40	0
40.1357	496	40	0
40.1437	495	40	0
40.1574	496	40	0
40.1751	495	40	0
40.186	494	40	0
40.2131	495	40	0
40.2196	496	40	0
40.2302	495	40	0
40.2667	496	40	0
40.2763	495	40	0
40.3046	496	40	0
40.3106	497	40	0
40.3133	496	40	0
40.3272	495	40	0
40.3417	494	40	0
40.3643	495	40	0
40.3648	496	40	0
40.3822	497	40	0
40.4086	496	40	0
40.4127	497	40	0
40.4131	498	40	0
40.4291	497	40	0
40.4453	498	40	0
40.4487	497	40	0
40.4559	498	40	0
40.4629	499	40	0
40.4644	500	40	0
40.4717	501	40	0
40.4781	500	40	0
40.4793	499	40	0
40.4808	500	40	0
40.4848	499	40	0
40.4849	498	40	0
40.497	497	40	0
40.5053	498	40	0
40.5197	499	40	0
40.5239	500	40	0
40.536	501	40	0
40.5537	500	40	0
40.5613	501	40	0
40.5683	500	40	0
40.571	501	40	0
40.579	500	40	0
40.589	499	40	0
40.6049	498	40	0
40.6136	497	40	0
40.6195	496	40	0
40.6298	495	40	0
40.6426	494	40	0
40.6489	495	40	0
40.6549	494	40	0
40.6595	493	40	0
40.6728	492	40	0
40.6756	493	40	0
40.6873	494	40	0
40.7191	493	40	0
40.7192	494	40	0
40.7256	495	40	0
40.7298	494	40	0
40.7337	493	40	0
40.738	492	40	0
40.7648	493	40	0
40.7873	494	40	0
40.8185	495	40	0
40.8358	496	40	0
40.8493	497	40	0
40.8505	496	40	0
40.8515	497	40	0
40.8534	498	40	0
40.854	497	40	0
40.8801	496	40	0
40.8891	497	40	0
40.8988	498	40	0
40.8994	499	40	0
40.9127	500	40	0
40.9148	499	40	0
40.924	500	40	0
40.9268	499	40	0
40.9283	498	40	0
40.9407	499	40	0
40.9459	498	40	0
40.9586	499	40	0
40.9666	500	40	0
40.9707	499	40	0
40.9855	500	40	0
40.9926	499	40	0
41.0012	500	40	0
41.0089	481	59	0
41.0277	482	59	0
41.0291	483	59	0
41.0305	482	59	0
41.0702	483	59	0
41.0703	482	59	0
41.088	481	59	0
41.1005	480	59	0
41.1189	479	59	0
41.1204	479	58	0
41.1233	478	58	0
41.1357	477	58	0
41.1437	476	58	0
41.1574	477	58	0
41.1751	476	58	0
41.186	475	58	0
41.2131	476	58	0
41.2196	477	58	0
41.2302	476	58	0
41.2667	477	58	0
41.2763	476	58	0
41.3046	477	58	0
41.3106	478	58	0
41.3133	477	58	0
41.3272	476	58	0
41.3417	475	58	0
41.3643	476	58	0
41.3648	477	58	0
41.3822	478	58	0
41.4086	477	58	0
41.4127	478	58	0
41.4131	479	58	0
41.4291	478	58	0
41.4453	479	58	0
41.4487	478	58	0
41.4559	479	58	0
41.4629	480	58	0
41.4644	481	58	0
41.4717	482	58	0
41.4781	481	58	0
41.4793	480	58	0
41.4808	481	58	0
41.4848	480	58	0
41.4849	479	58	0
41.497	478	58	0
41.5053	479	58	0
41.5197	480	58	0
41.5239	481	58	0
41.536	482	58	0
41.5537	481	58	0
41.5613	482	58	0
41.5683	481	58	0
41.571	482	58	0
41.579	481	58	0
41.589	480	58	0
41.6049	479	58	0
41.6136	478	58	0
41.6195	477	58	0
41.6298	476	58	0
41.6426	475	58	0
41.6489	476	58	0
41.6549	475	58	0
41.6595	474	58	0
41.6728	473	58	0
41.6756	474	58	0
41.6873	475	58	0
41.7191	474	58	0
41.7192	475	58	0
41.7256	476	58	0
41.7298	475	58	0
41.7337	474	58	0
41.738	473	58	0
41.7648	474	58	0
41.7873	475	58	0
41.8185	476	58	0
41.8358	477	58	0
41.8493	478	58	0
41.8505	477	58	0
41.8515	478	58	0
41.8534	479	58	0
41.854	478	58	0
41.8801	477	58	0
41.8891	478	58	0
41.8988	479	58	0
41.8994	480	58	0
41.9127	481	58	0
41.9148	481	57	0
41.924	482	57	0
41.9268	481	57	0
41.9283	481	56	0
41.9407	482	56	0
41.9459	481	56	0
41.9586	482	56	0
41.9666	483	56	0
41.9707	482	56	0
41.9855	483	56	0
41.9926	482	56	0
42.0012	483	56	0
42.0089	467	81	0
42.0277	468	81	0
42.0291	469	81	0
42.0305	468	81	0
42.0702	469	81	0
42.0703	469	80	0
42.088	468	80	0
42.1005	467	80	0
42.1189	467	79	0
42.1204	467	78	0
42.1233	466	78	0
42.1357	465	78	0
42.1437	464	78	0
42.1574	465	78	0
42.1751	464	78	0
42.186	463	78	0
42.2131	464	78	0
42.2196	465	78	0
42.2302	464	78	0
42.2667	465	78	0
42.2763	464	78	0
42.3046	465	78	0
42.3106	466	78	0
42.3133	465	78	0
42.3272	464	78	0
42.3417	463	78	0
42.3643	464	78	0
42.3648	465	78	0
42.3822	466	78	0
42.4086	465	78	0
42.4127	466	78	0
42.4131	467	78	0
42.4291	467	77	0
42.4453	468	77	0
42.4487	467	77	0
42.4559	468	77	0
42.4629	469	77	0
42.4644	470	77	0
42.4717	469	77	0
42.4781	468	77	0
42.4793	467	77	0
42.4808	468	77	0
42.4848	468	76	0
42.4849	467	76	0
42.497	466	76	0
42.5053	467	76	0
42.5197	468	76	0
42.5239	469	76	0
42.536	470	76	0
42.5537	469	76	0
42.5613	470	76	0
42.5683	469	76	0
42.571	470	76	0
42.579	470	75	0
42.589	469	75	0
42.6049	468	75	0
42.6136	467	75	0
42.6195	466	75	0
42.6298	465	75	0
42.6426	464	75	0
42.6489	465	75	0
42.6549	464	75	0
42.6595	463	75	0
42.6728	462	75	0
42.6756	463	75	0
42.6873	464	75	0
42.7191	464	74	0
42.7192	465	74	0
42.7256	466	74	0
42.7298	465	74	0
42.7337	464	74	0
42.738	463	74	0
42.7648	464	74	0
42.7873	465	74	0
42.8185	466	74	0
42.8358	467	74	0
42.8493	468	74	0
42.8505	467	74	0
42.8515	468	74	0
42.8534	469	74	0
42.854	468	74	0
42.8801	468	73	0
42.8891	469	73	0
42.8988	470	73	0
42.8994	471	73	0
42.9127	472	73	0
42.9148	471	73	0
42.924	472	73	0
42.9268	472	72	0
42.9283	471	72	0
42.9407	472	72	0
42.9459	471	72	0
42.9586	472	72	0
42.9666	473	72	0
42.9707	472	72	0
42.9855	473	72	0
42.9926	472	72	0
43.0012	473	72	0
43.0027	453	96	1
43.0085	452	97	1
43.0089	451	98	1
43.0093	450	99	1
43.0215	449	100	1
43.0216	450	100	1
43.027	450	99	1
43.0309	450	98	1
43.0365	449	99	1
43.037	450	99	1
43.0379	449	99	1
43.0417	450	99	1
43.0442	449	100	1
43.0484	448	101	1
43.0539	447	102	1
43.0572	446	103	1
43.0656	445	104	1
43.0676	444	105	1
43.0709	443	106	1
43.0823	442	107	1
43.0853	441	108	1
43.0941	440	109	1
43.096	439	110	1
43.0968	438	111	1
43.1012	437	112	1
43.1057	436	113	1
43.1129	435	114	1
43.113	434	115	1
43.1185	433	116	1
43.1268	432	116	1
43.1281	431	117	1
43.1283	430	118	1
43.1333	429	119	1
43.1385	428	120	1
43.1396	427	120	1
43.1419	426	121	1
43.1441	425	122	1
43.1446	424	123	1
43.1469	423	124	1
43.149	422	125	1
43.1494	421	126	1
43.1499	420	127	1
43.1511	419	128	1
43.1512	418	129	1
43.1551	419	129	1
43.1578	418	130	1
43.1624	417	131	1
43.1638	416	132	1
43.1677	415	133	1
43.1735	414	133	1
43.176	413	134	1
43.1782	412	134	1
43.1791	411	135	1
43.1817	410	136	1
43.185	411	136	1
43.1902	410	137	1
43.1931	411	137	1
43.195	412	137	1
43.1984	413	137	1
43.2025	412	138	1
43.2046	411	139	1
43.2066	410	140	1
43.2081	409	140	1
43.2124	410	140	1
43.2134	409	141	1
43.2172	408	142	1
43.2277	407	142	1
43.2277	406	143	1
43.2298	405	144	1
43.2312	406	144	1
43.2325	407	144	1
43.2339	408	144	1
43.2427	407	145	1
43.2501	406	146	1
43.2604	405	147	1
43.2662	404	148	1
43.2706	403	149	1
43.271	402	149	1
43.2713	401	150	1
43.272	400	151	1
43.2722	399	151	1
43.2809	398	151	1
43.2839	397	152	1
43.2871	396	153	1
43.2873	395	154	1
43.2918	394	155	1
43.2925	393	156	1
43.2956	392	157	1
43.2966	391	157	1
43.2971	390	157	1
43.3013	389	158	1
43.303	390	158	1
43.3073	389	159	1
43.3101	388	160	1
43.3115	387	160	1
43.3165	386	161	1
43.3189	387	161	1
43.3219	386	162	1
43.3227	385	163	1
43.3232	384	164	1
43.3263	383	165	1
43.3284	382	166	1
43.3309	381	166	1
43.3326	380	167	1
43.3367	379	168	1
43.3369	378	169	1
43.3389	377	170	1
43.339	377	169	1
43.3391	376	170	1
43.3404	375	171	1
43.3411	374	172	1
43.342	373	173	1
43.3465	372	174	1
43.3565	371	174	1
43.3594	370	174	1
43.3594	369	174	1
43.3597	368	175	1
43.3668	367	176	1
43.3675	366	177	1
43.3688	366	176	1
43.3725	365	177	1
43.3815	364	178	1
43.3818	363	179	1
43.3844	362	180	1
43.3875	363	180	1
43.3893	363	179	1
43.3927	362	180	1
43.3972	361	181	1
43.4003	360	181	1
43.4033	359	182	1
43.4048	358	183	1
43.4142	357	184	1
43.4161	356	184	1
43.418	355	185	1
43.4243	354	186	1
43.4304	353	187	1
43.4309	352	188	1
43.4318	351	189	1
43.4348	350	189	1
43.4473	350	188	1
43.4548	349	189	1
43.4576	348	190	1
43.4597	347	191	1
43.461	346	191	1
43.4636	345	192	1
43.4643	344	193	1
43.4693	343	194	1
43.4757	342	194	1
43.4847	343	194	1
43.4867	342	195	1
43.4869	341	196	1
43.4928	340	197	1
43.4938	339	198	1
43.5035	338	199	1
43.5053	337	199	1
43.5095	338	199	1
43.5105	337	200	1
43.5138	338	200	1
43.5153	337	201	1
43.527	336	202	1
43.5341	335	203	1
43.5351	334	204	1
43.5386	335	204	1
43.5388	335	203	1
43.5401	334	204	1
43.5477	335	204	1
43.5503	335	203	1
43.5552	334	204	1
43.56	335	204	1
43.5601	336	204	1
43.5611	335	205	1
43.5628	334	206	1
43.5642	333	207	1
43.565	333	206	1
43.565	332	207	1
43.5715	331	208	1
43.5722	331	207	1
43.5765	330	208	1
43.5774	329	209	1
43.5796	328	209	1
43.5907	327	210	1
43.5941	328	210	1
43.5943	328	209	1
43.5987	327	210	1
43.6061	328	210	1
43.6065	327	211	1
43.6091	326	212	1
43.6164	325	213	1
43.6234	324	214	1
43.6245	323	215	1
43.63	322	216	1
43.6334	321	217	1
43.6341	320	218	1
43.6462	319	219	1
43.6526	319	218	1
43.6526	319	217	1
43.6574	318	218	1
43.6611	317	219	1
43.6657	316	220	1
43.6693	317	220	1
43.6694	318	220	1
43.6738	317	221	1
43.677	318	221	1
43.6798	317	222	1
43.68	316	223	1
43.6807	315	224	1
43.6817	314	225	1
43.6874	313	226	1
43.6884	312	227	1
43.6886	311	227	1
43.6906	312	227	1
43.6933	311	228	1
43.7009	310	229	1
43.7027	310	228	1
43.7051	309	229	1
43.7064	308	230	1
43.711	307	231	1
43.7118	306	231	1
43.7162	305	232	1
43.7187	304	233	1
43.7234	303	234	1
43.7252	304	234	1
43.7253	305	234	1
43.7334	304	235	1
43.7414	303	236	1
43.7422	302	237	1
43.7434	301	237	1
43.7481	301	236	1
43.7518	300	237	1
43.7548	299	238	1
43.7567	298	239	1
43.7602	297	240	1
43.7621	296	241	1
43.7621	297	241	1
43.764	296	242	1
43.7707	295	243	1
43.7745	294	244	1
43.7795	293	245	1
43.7834	292	246	1
43.7957	291	247	1
43.8039	292	247	1
43.805	291	248	1
43.8081	290	249	1
43.8228	289	250	1
43.8313	288	251	1
43.8383	287	252	1
43.8392	286	253	1
43.8476	285	254	1
43.8533	284	255	1
43.8535	285	255	1
43.8556	285	254	1
43.8566	284	255	1
43.8653	283	256	1
43.8741	284	256	1
43.8853	283	257	1
43.8874	282	258	1
43.8942	281	259	1
43.9019	280	260	1
43.9094	279	261	1
43.911	279	260	1
43.911	278	261	1
43.9121	279	261	1
43.9124	280	261	1
43.9127	279	261	1
43.915	279	260	1
43.9158	279	259	1
43.9163	278	260	1
43.9208	279	260	1
43.9238	278	261	1
43.9333	277	262	1
43.9368	277	261	1
43.9454	277	260	1
43.9599	278	260	1
43.9681	279	260	1
43.9719	278	261	1
43.9719	277	262	1
43.9733	276	263	1
43.9748	275	264	1
43.9782	274	265	1
43.9795	273	266	1
43.9891	274	266	1
43.9925	273	267	1
44.0013	273	266	1
44.0039	252	271	1
44.0122	251	272	1
44.0129	250	273	1
44.0135	251	273	1
44.0311	250	274	1
44.0311	251	274	1
44.039	251	273	1
44.0446	251	272	1
44.0527	250	273	1
44.0534	251	273	1
44.0546	251	272	1
44.0601	252	272	1
44.0637	253	272	1
44.0697	252	273	1
44.0776	251	274	1
44.0824	250	275	1
44.0944	249	276	1
44.0973	248	277	1
44.1021	247	278	1
44.1184	246	279	1
44.1227	247	279	1
44.1354	246	280	1
44.138	245	281	1
44.1393	246	281	1
44.1455	247	281	1
44.152	248	281	1
44.1621	247	282	1
44.1623	246	283	1
44.1701	245	284	1
44.182	244	284	1
44.1838	243	285	1
44.184	242	286	1
44.1913	243	286	1
44.1986	242	287	1
44.2001	241	287	1
44.2033	240	288	1
44.2065	239	289	1
44.2072	238	290	1
44.2106	237	291	1
44.2135	238	291	1
44.214	239	291	1
44.2147	238	292	1
44.2165	239	292	1
44.2166	238	293	1
44.2221	239	293	1
44.2259	238	294	1
44.2325	237	295	1
44.2344	236	296	1
44.24	235	297	1
44.2481	234	297	1
44.2516	233	298	1
44.2548	232	298	1
44.2561	231	299	1
44.2598	232	299	1
44.2644	232	298	1
44.2718	233	298	1
44.2758	234	298	1
44.2785	234	297	1
44.2832	234	296	1
44.2891	235	296	1
44.2921	234	297	1
44.2948	235	297	1
44.2969	235	296	1
44.3031	236	296	1
44.3044	235	297	1
44.3097	234	298	1
44.3244	234	297	1
44.3244	233	298	1
44.3274	232	299	1
44.3293	233	299	1
44.3311	233	298	1
44.3331	234	298	1
44.3454	233	299	1
44.3558	232	300	1
44.3703	231	301	1
44.3783	230	302	1
44.3846	229	303	1
44.3851	229	302	1
44.3856	228	303	1
44.3865	227	304	1
44.3868	227	303	1
44.399	227	302	1
44.4032	226	303	1
44.4078	225	304	1
44.408	224	305	1
44.4143	223	306	1
44.4153	224	306	1
44.4197	223	307	1
44.421	223	306	1
44.4217	223	305	1
44.4275	222	306	1
44.43	223	306	1
44.436	222	307	1
44.4398	221	308	1
44.4418	221	307	1
44.4488	220	308	1
44.4522	220	307	1
44.4563	219	308	1
44.4574	218	309	1
44.4582	217	310	1
44.4625	218	310	1
44.4655	217	311	1
44.4689	216	311	1
44.4712	215	312	1
44.4771	214	313	1
44.4773	213	314	1
44.4801	212	315	1
44.4802	211	315	1
44.4803	210	316	1
44.4822	209	317	1
44.4831	210	317	1
44.4844	211	317	1
44.4907	210	318	1
44.5047	210	317	1
44.5087	210	316	1
44.5088	209	316	1
44.5091	208	317	1
44.519	207	318	1
44.52	208	318	1
44.5218	208	317	1
44.5269	209	317	1
44.5393	208	318	1
44.5397	207	319	1
44.5434	206	320	1
44.5477	205	320	1
44.5501	205	319	1
44.555	204	320	1
44.5611	203	321	1
44.5655	202	321	1
44.5697	201	322	1
44.5717	200	323	1
44.5848	199	324	1
44.5876	198	324	1
44.5901	197	325	1
44.599	198	325	1
44.6075	197	326	1
44.6081	196	327	1
44.6093	195	328	1
44.6135	195	327	1
44.631	195	326	1
44.6414	196	326	1
44.6453	195	327	1
44.6483	194	328	1
44.6501	194	327	1
44.6537	195	327	1
44.6546	194	328	1
44.6614	193	329	1
44.6704	193	328	1
44.6827	194	328	1
44.6856	193	329	1
44.6858	194	329	1
44.6938	195	329	1
44.6953	194	330	1
44.7085	195	330	1
44.711	195	329	1
44.7167	195	328	1
44.7181	194	329	1
44.7226	193	329	1
44.7246	192	330	1
44.7406	191	331	1
44.7504	190	332	1
44.7517	189	333	1
44.7565	190	333	1
44.7569	190	332	1
44.7587	189	333	1
44.7691	189	332	1
44.7726	189	331	1
44.7794	188	332	1
44.7859	189	332	1
44.7861	190	332	1
44.7875	189	333	1
44.7898	188	334	1
44.7918	187	335	1
44.7928	187	334	1
44.7928	186	335	1
44.8018	185	336	1
44.8027	185	335	1
44.8087	184	336	1
44.8099	183	337	1
44.813	183	336	1
44.8283	182	337	1
44.833	183	337	1
44.8332	183	336	1
44.8393	182	337	1
44.8496	183	337	1
44.8501	182	338	1
44.8537	183	338	1
44.8637	184	338	1
44.8732	183	339	1
44.8748	184	339	1
44.8823	185	339	1
44.8869	186	339	1
44.8879	185	340	1
44.9041	186	340	1
44.9128	186	339	1
44.9128	186	338	1
44.9192	185	339	1
44.9242	184	340	1
44.9304	183	341	1
44.9353	184	341	1
44.9354	184	340	1
44.9413	183	341	1
44.9456	184	341	1
44.9494	183	342	1
44.9497	184	342	1
44.9505	183	343	1
44.9519	182	344	1
44.9596	181	345	1
44.961	182	345	1
44.9612	182	344	1
44.9639	183	344	1
44.9675	182	345	1
44.9776	181	346	1
44.9801	180	346	1
44.9833	179	347	1
44.985	178	348	1
44.9913	177	349	1
44.9924	177	348	1
44.9982	176	349	1
45.0015	177	349	1
45.0046	191	345	1
45.0142	190	346	1
45.0149	189	347	1
45.0156	190	347	1
45.0359	189	348	1
45.036	189	347	1
45.0451	189	346	1
45.0516	189	345	1
45.061	188	346	1
45.0618	189	346	1
45.0632	189	345	1
45.0696	188	345	1
45.0737	189	345	1
45.0808	188	346	1
45.0899	187	347	1
45.0956	186	348	1
45.1096	185	349	1
45.113	184	350	1
45.1185	183	351	1
45.1375	182	352	1
45.1426	183	352	1
45.1574	182	353	1
45.1605	181	354	1
45.1619	182	354	1
45.1692	183	354	1
45.1768	184	354	1
45.1886	183	355	1
45.1888	182	356	1
45.1979	181	357	1
45.2118	181	356	1
45.2139	180	357	1
45.2141	179	358	1
45.2226	180	358	1
45.2311	179	359	1
45.2329	178	359	1
45.2367	177	360	1
45.2404	176	361	1
45.2412	175	362	1
45.2451	174	363	1
45.2485	175	363	1
45.2492	176	363	1
45.25	175	364	1
45.2521	176	364	1
45.2522	177	364	1
45.2586	176	364	1
45.263	175	365	1
45.2707	174	366	1
45.2729	173	367	1
45.2794	172	368	1
45.2889	171	368	1
45.293	170	369	1
45.2968	170	368	1
45.2983	169	369	1
45.3026	170	369	1
45.308	170	368	1
45.3166	171	368	1
45.3213	171	367	1
45.3245	171	366	1
45.33	171	365	1
45.3369	172	365	1
45.3403	171	366	1
45.3435	172	366	1
45.346	172	365	1
45.3532	172	364	1
45.3547	171	365	1
45.361	170	366	1
45.3782	170	365	1
45.3782	169	366	1
45.3817	168	367	1
45.384	169	367	1
45.3861	168	367	1
45.3884	167	367	1
45.403	166	368	1
45.4153	165	369	1
45.4324	164	370	1
45.4419	163	371	1
45.4494	162	372	1
45.45	162	371	1
45.4506	161	372	1
45.4516	160	373	1
45.452	160	372	1
45.4664	160	371	1
45.4714	159	372	1
45.4769	158	373	1
45.4772	157	374	1
45.4847	156	375	1
45.4859	157	375	1
45.491	156	376	1
45.4926	156	375	1
45.4934	156	374	1
45.5004	157	374	1
45.5033	157	373	1
45.5104	156	374	1
45.5149	155	375	1
45.5172	155	374	1
45.5256	154	375	1
45.5296	153	375	1
45.5344	152	376	1
45.5358	153	376	1
45.5367	152	377	1
45.5417	153	377	1
45.5453	152	378	1
45.5494	151	378	1
45.5521	152	378	1
45.559	151	379	1
45.5592	150	380	1
45.5625	149	381	1
45.5627	148	381	1
45.5629	147	382	1
45.5651	146	383	1
45.5662	147	383	1
45.5677	148	383	1
45.5751	147	384	1
45.5917	147	383	1
45.5964	147	382	1
45.5965	147	381	1
45.5968	146	382	1
45.6085	145	383	1
45.6097	146	383	1
45.6119	145	383	1
45.6179	146	383	1
45.6325	145	384	1
45.6331	144	385	1
45.6374	143	386	1
45.6425	143	385	1
45.6454	142	385	1
45.651	141	386	1
45.6584	140	387	1
45.6635	139	387	1
45.6685	138	388	1
45.671	137	389	1
45.6865	136	390	1
45.6897	135	390	1
45.6928	134	391	1
45.7033	135	391	1
45.7134	134	392	1
45.7142	135	392	1
45.7156	136	392	1
45.7205	136	391	1
45.7411	136	390	1
45.7533	137	390	1
45.7579	136	391	1
45.7614	135	392	1
45.7635	135	391	1
45.7677	136	391	1
45.7688	135	392	1
45.7769	134	393	1
45.7874	134	392	1
45.8019	135	392	1
45.8052	134	393	1
45.8055	135	393	1
45.815	136	393	1
45.8166	135	394	1
45.8322	136	394	1
45.8351	136	393	1
45.8418	136	392	1
45.8434	137	392	1
45.8488	136	392	1
45.8511	135	393	1
45.8698	134	394	1
45.8813	135	394	1
45.8829	134	395	1
45.8884	134	394	1
45.8888	134	393	1
45.8909	135	393	1
45.903	134	393	1
45.9071	134	392	1
45.915	133	393	1
45.9226	132	393	1
45.9229	131	393	1
45.9245	132	393	1
45.9272	131	394	1
45.9295	130	395	1
45.9307	130	394	1
45.9308	129	395	1
45.9413	128	396	1
45.9424	128	395	1
45.9494	127	396	1
45.9507	126	397	1
45.9544	126	396	1
45.9724	125	397	1
45.9779	126	397	1
45.9782	126	396	1
45.9853	125	397	1
45.9974	125	396	1
45.998	124	397	1
46.0022	125	397	1
46.0052	143	358	1
46.0162	142	359	1
46.017	143	359	1
46.0178	144	359	1
46.0409	143	360	1
46.0409	143	359	1
46.0513	143	358	1
46.0586	143	357	1
46.0693	144	357	1
46.0702	145	357	1
46.0718	145	356	1
46.079	145	355	1
46.0837	146	355	1
46.0916	147	355	1
46.1018	148	355	1
46.1081	149	355	1
46.1236	148	356	1
46.1273	147	357	1
46.1334	148	357	1
46.1544	147	358	1
46.1599	148	358	1
46.1762	147	359	1
46.1796	146	360	1
46.1812	147	360	1
46.1892	148	360	1
46.1976	149	360	1
46.2105	148	361	1
46.2108	147	362	1
46.2208	148	362	1
46.236	148	361	1
46.2384	147	362	1
46.2386	146	363	1
46.2478	147	363	1
46.2572	146	364	1
46.2591	146	363	1
46.2633	145	364	1
46.2673	144	365	1
46.2682	143	366	1
46.2725	144	366	1
46.2762	145	366	1
46.2769	146	366	1
46.2778	145	367	1
46.2801	146	367	1
46.2802	147	367	1
46.2871	147	366	1
46.2919	146	367	1
46.3002	145	368	1
46.3027	144	369	1
46.3097	143	370	1
46.32	143	369	1
46.3245	142	370	1
46.3286	142	369	1
46.3301	141	370	1
46.3348	142	370	1
46.3406	142	369	1
46.35	143	369	1
46.355	142	369	1
46.3585	141	369	1
46.3645	140	369	1
46.372	141	369	1
46.3758	140	370	1
46.3793	141	370	1
46.382	140	370	1
46.3898	140	369	1
46.3915	139	370	1
46.3983	138	371	1
46.4172	138	370	1
46.4172	137	371	1
46.421	136	372	1
46.4235	137	372	1
46.4259	137	371	1
46.4284	137	370	1
46.4443	136	371	1
46.4577	135	372	1
46.4763	134	373	1
46.4867	133	374	1
46.4948	134	374	1
46.4955	134	373	1
46.4961	133	374	1
46.4972	132	375	1
46.4976	132	374	1
46.5133	131	374	1
46.5187	130	375	1
46.5246	129	376	1
46.525	128	377	1
46.5331	129	377	1
46.5344	130	377	1
46.54	129	378	1
46.5417	129	377	1
46.5426	129	376	1
46.5501	130	376	1
46.5533	130	375	1
46.5609	129	376	1
46.5658	128	377	1
46.5684	128	376	1
46.5774	127	377	1
46.5817	127	376	1
46.587	126	377	1
46.5884	127	377	1
46.5894	128	377	1
46.5948	129	377	1
46.5986	128	378	1
46.603	128	377	1
46.606	129	377	1
46.6134	128	378	1
46.6136	127	379	1
46.6171	126	380	1
46.6173	126	379	1
46.6175	125	380	1
46.6198	124	381	1
46.621	125	381	1
46.6227	126	381	1
46.6305	125	382	1
46.6482	124	382	1
46.6533	124	381	1
46.6533	123	381	1
46.6537	122	382	1
46.6663	121	383	1
46.6675	122	383	1
46.6699	121	383	1
46.6763	122	383	1
46.6921	121	384	1
46.6927	120	385	1
46.6973	119	386	1
46.7028	119	385	1
46.7059	119	384	1
46.712	118	385	1
46.7198	117	386	1
46.7253	117	385	1
46.7307	116	386	1
46.7333	115	387	1
46.7499	114	388	1
46.7534	113	388	1
46.7567	112	389	1
46.7679	113	389	1
46.7788	112	390	1
46.7796	113	390	1
46.7811	114	390	1
46.7864	113	390	1
46.8085	113	389	1
46.8215	114	389	1
46.8265	113	390	1
46.8302	114	390	1
46.8325	114	389	1
46.837	115	389	1
46.8382	116	389	1
46.8467	115	390	1
46.8578	114	390	1
46.8732	115	390	1
46.8768	116	390	1
46.8771	117	390	1
46.8871	118	390	1
46.8889	117	391	1
46.9053	118	391	1
46.9084	118	390	1
46.9155	118	389	1
46.9172	119	389	1
46.9228	118	389	1
46.9253	117	390	1
46.9451	116	391	1
46.9572	117	391	1
46.9588	116	392	1
46.9647	116	391	1
46.9652	116	390	1
46.9674	117	390	1
46.9802	117	389	1
46.9844	117	388	1
46.9928	116	389	1
47.0008	116	388	1
47.0054	132	388	1
47.0167	131	389	1
47.0175	132	389	1
47.0184	133	389	1
47.0422	132	390	1
47.0423	132	389	1
47.053	132	388	1
47.0605	132	387	1
47.0715	133	387	1
47.0725	133	386	1
47.0742	133	385	1
47.0817	133	384	1
47.0865	133	383	1
47.0947	134	383	1
47.1053	135	383	1
47.1118	136	383	1
47.1279	135	384	1
47.1318	134	385	1
47.1382	135	385	1
47.1599	136	385	1
47.1657	137	385	1
47.1825	136	386	1
47.186	137	386	1
47.1876	138	386	1
47.1959	139	386	1
47.2044	140	386	1
47.2177	141	386	1
47.218	140	387	1
47.2282	141	387	1
47.2437	141	386	1
47.2462	140	387	1
47.2464	139	388	1
47.2558	140	388	1
47.2653	139	389	1
47.2673	139	388	1
47.2716	138	389	1
47.2757	137	390	1
47.2766	136	391	1
47.281	137	391	1
47.2848	138	391	1
47.2855	139	391	1
47.2864	138	392	1
47.2887	139	392	1
47.2888	140	392	1
47.2959	140	391	1
47.3008	139	392	1
47.3093	138	393	1
47.3118	137	394	1
47.319	136	395	1
47.3295	136	394	1
47.334	135	395	1
47.3382	135	394	1
47.3398	134	395	1
47.3446	135	395	1
47.3505	135	394	1
47.3601	136	394	1
47.3652	136	393	1
47.3688	135	393	1
47.3749	134	393	1
47.3825	135	393	1
47.3863	134	394	1
47.3899	135	394	1
47.3926	135	393	1
47.4006	134	393	1
47.4023	133	394	1
47.4093	132	395	1
47.4285	132	394	1
47.4285	131	395	1
47.4324	130	396	1
47.435	130	395	1
47.4373	130	394	1
47.4399	130	393	1
47.4561	129	394	1
47.4698	128	395	1
47.4889	127	396	1
47.4994	126	397	1
47.5077	127	397	1
47.5084	127	396	1
47.509	126	397	1
47.5102	125	398	1
47.5106	125	397	1
47.5266	124	397	1
47.5322	123	398	1
47.5382	122	399	1
47.5386	121	400	1
47.5469	122	400	1
47.5482	123	400	1
47.5539	122	401	1
47.5556	122	400	1
47.5565	122	399	1
47.5642	123	399	1
47.5674	123	398	1
47.5753	122	399	1
47.5803	121	400	1
47.5829	121	399	1
47.5921	120	400	1
47.5965	120	399	1
47.6019	119	400	1
47.6034	120	400	1
47.6044	121	400	1
47.6099	122	400	1
47.6138	121	401	1
47.6183	121	400	1
47.6213	122	400	1
47.6289	121	401	1
47.6291	120	402	1
47.6327	119	403	1
47.6328	119	402	1
47.633	118	403	1
47.6354	117	404	1
47.6366	118	404	1
47.6384	119	404	1
47.6464	118	405	1
47.6645	117	405	1
47.6697	117	404	1
47.6697	116	404	1
47.6701	115	405	1
47.6829	114	406	1
47.6842	115	406	1
47.6866	114	406	1
47.6932	115	406	1
47.7093	114	407	1
47.7099	113	408	1
47.7146	112	409	1
47.7203	112	408	1
47.7234	112	407	1
47.7297	111	408	1
47.7377	110	409	1
47.7433	110	408	1
47.7488	109	409	1
47.7515	108	410	1
47.7684	107	411	1
47.772	107	410	1
47.7754	106	411	1
47.7868	107	411	1
47.7979	106	412	1
47.7987	107	412	1
47.8003	108	412	1
47.8056	107	412	1
47.8282	107	411	1
47.8415	108	411	1
47.8465	107	412	1
47.8503	108	412	1
47.8527	108	411	1
47.8572	109	411	1
47.8584	110	411	1
47.8671	109	412	1
47.8785	108	412	1
47.8942	109	412	1
47.8978	110	412	1
47.8982	111	412	1
47.9083	112	412	1
47.9101	111	413	1
47.9269	112	413	1
47.9301	112	412	1
47.9373	112	411	1
47.939	113	411	1
47.9447	112	411	1
47.9473	111	412	1
47.9674	110	413	1
47.9798	111	413	1
47.9815	110	414	1
47.9874	110	413	1
47.9879	110	412	1
47.9901	111	412	1
48.0032	111	411	1
48.0089	135	372	0
48.0277	136	372	0
48.0291	137	372	0
48.0305	136	372	0
48.0702	137	372	0
48.0703	137	371	0
48.088	137	370	0
48.1005	137	369	0
48.1189	138	369	0
48.1204	138	368	0
48.1233	138	367	0
48.1357	138	366	0
48.1437	138	365	0
48.1574	139	365	0
48.1751	140	365	0
48.186	141	365	0
48.2131	142	365	0
48.2196	143	365	0
48.2302	144	365	0
48.2667	145	365	0
48.2763	145	364	0
48.3046	146	364	0
48.3106	147	364	0
48.3133	147	363	0
48.3272	147	362	0
48.3417	146	362	0
48.3643	147	362	0
48.3648	148	362	0
48.3822	149	362	0
48.4086	149	361	0
48.4127	150	361	0
48.4131	151	361	0
48.4291	151	360	0
48.4453	152	360	0
48.4487	152	359	0
48.4559	153	359	0
48.4629	154	359	0
48.4644	155	359	0
48.4717	156	359	0
48.4781	156	358	0
48.4793	156	357	0
48.4808	157	357	0
48.4848	157	356	0
48.4849	158	356	0
48.497	158	355	0
48.5053	159	355	0
48.5197	160	355	0
48.5239	161	355	0
48.536	162	355	0
48.5537	162	354	0
48.5613	163	354	0
48.5683	162	354	0
48.571	163	354	0
48.579	163	353	0
48.589	163	352	0
48.6049	163	351	0
48.6136	162	351	0
48.6195	162	350	0
48.6298	161	350	0
48.6426	160	350	0
48.6489	161	350	0
48.6549	161	349	0
48.6595	161	348	0
48.6728	161	347	0
48.6756	162	347	0
48.6873	163	347	0
48.7191	163	346	0
48.7192	164	346	0
48.7256	165	346	0
48.7298	164	346	0
48.7337	163	346	0
48.738	162	346	0
48.7648	163	346	0
48.7873	164	346	0
48.8185	165	346	0
48.8358	166	346	0
48.8493	167	346	0
48.8505	166	346	0
48.8515	167	346	0
48.8534	168	346	0
48.854	167	346	0
48.8801	166	346	0
48.8891	167	346	0
48.8988	168	346	0
48.8994	169	346	0
48.9127	170	346	0
48.9148	170	345	0
48.924	171	345	0
48.9268	171	344	0
48.9283	171	343	0
48.9407	172	343	0
48.9459	172	342	0
48.9586	173	342	0
48.9666	174	342	0
48.9707	174	341	0
48.9855	175	341	0
48.9926	175	340	0
49.0012	176	340	0
49.0089	198	338	0
49.0277	199	338	0
49.0291	200	338	0
49.0305	200	337	0
49.0702	201	337	0
49.0703	201	336	0
49.088	201	335	0
49.1005	201	334	0
49.1189	201	333	0
49.1204	201	332	0
49.1233	201	331	0
49.1357	201	330	0
49.1437	200	330	0
49.1574	201	330	0
49.1751	202	330	0
49.186	202	329	0
49.2131	203	329	0
49.2196	204	329	0
49.2302	203	329	0
49.2667	204	329	0
49.2763	204	328	0
49.3046	205	328	0
49.3106	206	328	0
49.3133	205	328	0
49.3272	205	327	0
49.3417	205	326	0
49.3643	206	326	0
49.3648	207	326	0
49.3822	208	326	0
49.4086	207	326	0
49.4127	208	326	0
49.4131	209	326	0
49.4291	209	325	0
49.4453	210	325	0
49.4487	210	324	0
49.4559	211	324	0
49.4629	212	324	0
49.4644	213	324	0
49.4717	214	324	0
49.4781	214	323	0
49.4793	213	323	0
49.4808	214	323	0
49.4848	214	322	0
49.4849	214	321	0
49.497	214	320	0
49.5053	215	320	0
49.5197	216	320	0
49.5239	217	320	0
49.536	218	320	0
49.5537	217	320	0
49.5613	218	320	0
49.5683	218	319	0
49.571	219	319	0
49.579	218	319	0
49.589	217	319	0
49.6049	217	318	0
49.6136	217	317	0
49.6195	217	316	0
49.6298	217	315	0
49.6426	216	315	0
49.6489	217	315	0
49.6549	216	315	0
49.6595	215	315	0
49.6728	214	315	0
49.6756	215	315	0
49.6873	216	315	0
49.7191	215	315	0
49.7192	216	315	0
49.7256	217	315	0
49.7298	216	315	0
49.7337	216	314	0
49.738	216	313	0
49.7648	217	313	0
49.7873	218	313	0
49.8185	219	313	0
49.8358	220	313	0
49.8493	221	313	0
49.8505	221	312	0
49.8515	222	312	0
49.8534	223	312	0
49.854	223	311	0
49.8801	223	310	0
49.8891	224	310	0
49.8988	225	310	0
49.8994	226	310	0
49.9127	227	310	0
49.9148	227	309	0
49.924	228	309	0
49.9268	228	308	0
49.9283	228	307	0
49.9407	229	307	0
49.9459	229	306	0
49.9586	230	306	0
49.9666	231	306	0
49.9707	231	305	0
49.9855	232	305	0
49.9926	232	304	0
50.0012	233	304	0
